,user_name,owner,repos,name,type,company,location,bio,created_at,updated_at,followers,following
0,josephmisiti,josephmisiti,awesome-machine-learning,Joseph Misiti,User,Math & Pencil ,"Brooklyn, NY",Mathematician & Co-founder of Math & Pencil,2010-04-17T21:09:13Z,2020-10-29T18:11:39Z,"['hammer', 'rmax', 'agramfort', 'harit-sunrun', 'acmisiti', 'mLewisLogic', 'ses4j', 'specialstephen', 'ypenglyn', 'espeed', 'carnot', 'themiurgo', 'rhasan', 'chrigui', 'robert-isaev', 'justquick', 'csjaba', 'numberwhun', 'stupidbodo', 'mimiflynn', 'jab416171', 'jagan120', 'guillemhs', 'sheltowt', 'wasifhossain', 'pydanny', 'dhirajt', 'mhadhbi', 'anilkumarnandamuri', 'xinglu']","['mojombo', 'defunkt', 'vanpelt', 'macournoyer', 'ry', 'brosner', 'josh', 'robey', 'mreid', 'progrium', 'alex', 'burke', 'jeresig', 'binarymatt', 'dustin', 'anoopr', 'toastdriven', 'sstephenson', 'holman', 'aphyr', 'jashkenas', 'alextp', 'kortina', 'bitprophet', 'sophiebits', 'pc', 'davecheney', 'seanjtaylor', 'naveen', 'SeanOC']"
1,wepe,wepe,MachineLearning,wepon,User,AntFin,China Hangzhou,,2014-10-10T14:28:18Z,2020-11-05T15:54:10Z,"['gugugujiawei', 'wycg1984', 'eeclass', 'AndyMurry', 'pdgz', 'estheryou', 'GreatBird', 'huxin1993', 'freshmanR', 'ourren', 'pinfish888', 'happsky', 'Roger8', 'zhuanjun', 'supernovaf117', 'BoJi2014', 'nanoDataFang', 'hellosure', 'cloudpanda', 'ningbohezhijun', 'fangqiang08', 'chrinide', 'tedchengy', 'ChenjiahuiLi', 'wintercmin', 'xy00717', 'yizhang09', 'playplaydata', 'jht5945', 'eamingWan']","['pluskid', 'benanne', 'colah', 'kennethreitz42', 'karpathy', 'mli', 'Yangqing', 'torvalds', 'zhoubolei', 'hetong007', 'lipiji', 'wangkuiyi', 'phunterlau', 'hanxiao', 'qqgeogor', 'tqchen', 'tobegit3hub', 'jcjohnson', 'zhanpengfang', 'ycjuan', 'xingdi-eric-yuan', 'pinfish888', 'happsky', 'baidut', 'ChenglongChen', 'xpqiu', 'MatthieuCourbariaux', 'jingchenUSTC', 'ChaosPKU', 'aymericdamien']"
2,udacity,udacity,machine-learning,Udacity,Organization,,"Mountain View, CA",Udacity’s mission is to train the world’s workforce in the careers of the future.,2012-07-03T03:51:49Z,2020-08-21T16:53:47Z,[],[]
3,ZuzooVn,ZuzooVn,machine-learning-for-software-engineers,Nam Vu,User,,Vietnam,A Vietnamese Software Engineer who is really passionate and wants to work in the USA,2012-02-11T16:55:02Z,2020-10-12T02:40:45Z,"['vuhung', 'DarkMagic', 'bachnl', 'hoangclinh', 'csjaba', 'Rajendhiran', 'proin', 'am0c', 'thangpc', 'fordream', 'Jacktony', 'hehead', 'Chewbacca2510', 'pjbr', 'got99errors', 'truongvuxuan', 'rogeliomr', 'tranhieutt', 'WinterSoilder', 'rusrushal13', 'luuhai', 'dzu181', 'puneethmishra', 'kotdark', 'leyvien', 'mding5692', 'fly51fly', 'mocmeo', 'ilyagorbunov', 'zshell31']","['ole', 'escoz', 'pokeb', 'tcdoan', 'dyang', 'kirill-grouchnikov', 'steipete', 'JakeWharton', 'koush', 'haqu', 'cyrilmottier', 'rudylattae', 'romannurik', 'commonsguy', 'loopj', 'davedelong', 'fooblahblah', 'jgilfelt', 'baldo', 'nexes', 'GautamGupta', 'arturdryomov', 'honcheng', 'boctor', 'chrisbanes', 'nadam', 'karpathy', 'diwu', 'freshdocs', 'dinhvh']"
4,rasbt,rasbt,python-machine-learning-book,Sebastian Raschka,User,UW-Madison,"Madison, WI","Machine Learning researcher & open source contributor. Author of ""Python Machine Learning."" Asst. Prof. of Statistics @ UW-Madison.",2013-10-05T16:06:10Z,2020-11-09T23:00:46Z,"['vmirly', 'max-85', 'rhiever', 'elf1423', 'isugif', 'the-shank', 'shirothin', 'ataulmohsin', 'gawbul', 'mazulo', 'inodb', 'bmiles', 'luizirber', 'TranscranialAvenue', 'liunan10', 'jeffreywugz', 'mahendra-ramajayam', 'zhaphod', 'kinow', 'theoweber', 'v15wk', 'arsyed', 'aadeshnpn', 'tsakis', 'ofcloudpeople', 'nankyoku', 'aelkus', 'lordm', 'svisser', 'thorsummoner']","['ctb', 'ogrisel', 'tacaswell', 'GaelVaroquaux', 'mblondel', 'teoliphant', 'wesm', 'amueller', 'gati', 'jakevdp', 'TheChymera', 'stsievert', 'rhiever', 'mlgill', 'Atcold', 'krisrs1128', 'vmirly', 'chrisalbon', 'jmschrei', 'jiayuzhou', 'thswear', 'seanlaw', 'jmwoloso', 'alexrd', 'salotz', 'gunturus', 'StevenCHowell', 'zacwellmer', 'cecileane', 'biobenkj']"
5,Jack-Cherish,Jack-Cherish,Machine-Learning,Jack Cui,User,Northeastern University,China,:octocat:公众号：JackCui-AI,2016-01-25T03:38:06Z,2020-07-31T13:54:15Z,"['304464079', 'songggs', 'tla001', 'WangShanpeng', 'jiandanjinxin', '07freedom', 'defuchocolate', 'malone6', 'diamonddm', 'xiahua007-dev', 'jiangfanli', 'myhooo', 'devopsmi', 'Captain-zyh', 'HenrySiau', 'dawnwenhui', 'yunbaobau', 'Heisenberg106', 'joesloyalty', 'xiao2mo', 'melo1993', 'KOD-Chen', 'Super-Louis', 'zyrainy', 'haoXu1990', 'chehongshu', 'zcc888', 'mengxzh15', 'hawkuu', 'sheseido']","['kennethreitz42', 'karpathy', 'marvis', 'shicai', 'tiancode', 'longcw', 'steven7851', 'WangShanpeng', 'okcing', 'keloli', 'ResolveWang', 'hjimce', 'awolfly9', 'tla001', 'Xyntax', 'malone6', 'gaochq', 'yunjey', 'JeemyJohn', 'xiaohu2015', '610265158', 'WordZzzz', 'zhangqizky', 'LDOUBLEV', 'KOD-Chen', 'lujohn3li', 'Ariel-JUAN', 'AIZOOTech']"
6,lazyprogrammer,lazyprogrammer,machine_learning_examples,LazyProgrammer.me,User,,,https://deeplearningcourses.com,2012-01-03T19:14:42Z,2020-10-23T17:54:48Z,"['pathfinder92', 'Vasuji', 'gkgiorgos', 'caseyfitz', 'jasondarcy01', 'charles-cerecedo', 'theBenForce', 'satishverma', 'maad2011', 'Peyman87', 'hitchhiker744', 'acebytes', 'lmscalar', 'rickyPanzer', 'SinghVijay', 'tobysiko', 'embatbr', 'rickdonato', 'xjdeng', 'mohit302', 'triplekill', 'picarus', 'christianbalderrama', 'gfgullo', 'chagri', 'Sandy4321', 'rjbashar', '16961714b', 'eliekawerk', 'aryan-jadon']",[]
7,lawlite19,lawlite19,MachineLearning_Python,lawlite,User,Southeast University,"Nanjing, China",,2015-09-19T02:51:34Z,2020-10-22T16:26:53Z,"['itwanggj', 'VagrantStory', 'iptop', 'heshiweij', 'Sioft', 'wyzTransAm', 'yangengzhe', 'xinyangluckily', 'liangfh', 'Gene-J', 'MichalPaszkiewicz', 'loowman', 'wujunze', '00bb', 'loyalyonggang', 'wahahamyt', 'Dreamgoing', 'panicooo', 'cdd-cdd', 'Loeve', 'Belle2017', 'xxxchaoren', 'jinjinyuan', 'Kaido0', 'Qingmu', 'zhangruishi', 'X-Nicolo', 'once00', 'ileadall42', 'linxubin1994']","['lifesinger', 'sofish', 'sindresorhus', 'BYVoid', 'javenfang', 'JacksonTian', 'wendykan', 'ranjaykrishna', 'llSourcell', 'code4craft', 'owenzhang', 'lucaseustaquio', 'silverbux', 'litten', 'wiseodd', 'tobegit3hub', 'jasonfreak', 'carpedm20', 'ZFTurbo', 'letcheng', 'VagrantStory', 'aarshayj', 'heshiweij', 'MLWave', 'Far0n', 'n01z3', 'yangengzhe', 'wepe', 'ryankiros', 'zhuguocheng29']"
8,trekhleb,trekhleb,homemade-machine-learning,Oleksii Trekhleb,User,Uber,Amsterdam,Software Engineer at @uber,2012-12-09T08:38:00Z,2020-11-10T17:06:56Z,"['alexinepam', 'sergiitk', 'subhani1249', 'garciparedes', 'ajithsyla', 'Vita279', 'YaninaTrekhleb', 'ptomasroos', 'bkcpro', '22mahmoud', 'chenruibin', 'Nkpanam0101', 'MeetMuzammil', 'MuhammadHamzaCS2020', 'waltervanwoudenberg', 'Zolotaya', 'octaviocarpes', 'Xzenergy', 'manishlaw', 'wonminjeon', 'BijanParsiyar', 'llauderesv', 'ungerpeter', 'drevilll', 'pavlochernovyy', 'hariprasadraja', 'FernandoRogelin', 'capcross', 'anovuyo', 'jewbetcha']","['sergiitk', 'gaearon', 'stasel', 'mustafa1453', 'denysdovhan', 'nolikenet', 'YaninaTrekhleb']"
9,ujjwalkarn,ujjwalkarn,Machine-Learning-Tutorials,Ujjwal Karn,User,,,,2013-11-15T13:53:58Z,2020-08-15T02:43:35Z,"['shemissou', 'aaronnech', 'bikash', 'gabrielpconceicao', 'deepakiim', 'isnehil', 'jhashanti', 'cusspvz', 'mayanand', 'angusshire', 'saimadhu-polamuri', 'AnanyaPandey', 'carpedm20', 'bhargav333', 'Chaway', 'HannahTada', 'aniket11bh', 'Nydhal', 'dapurv5', 'garydai', 'whuzzh', 'tushariscoolster', 'Parakrant', 'vitamin', 'cauyrd', 'JBed', 'malachi500', 'TokenJan', 'iDylanCui', 'quangrau']","['macournoyer', 'tekkub', 'andymatuschak', 'hadley', 'jonasschneider', 'rdpeng', 'jtoy', 'shannonrush', 'johnmyleswhite', 'jhalley', 'Smerity', 'zellyn', 'maxogden', 'dnouri', 'willkurt', 'colah', 'billhowe', 'derenrich', 'andreiolariu', 'feross', 'hughperkins', 'matthiasplappert', 'robjhyndman', 'robertsdionne', 'gatapia', 'karthik', 'vahidk', 'bikash', 'vermapratyush', 'yoshua']"
10,0asa,josephmisiti,awesome-machine-learning,Vincent Botta,User,,Belgium,"Innovation Engineer @evs-broadcast, previously Data Scientist @kensuio, E-Marketing Tools Manager @Diagenode, cofounder @Antibody-Adviser and photographer",2011-08-19T07:31:07Z,2020-11-10T09:50:53Z,"['glouppe', 'ys', 'stevben', 'arjoly', 'chetanspeed511987', 'thierrygosselin', 'zingbi', 'Supermanu', 'gs512', 'FelBalazard', 'aburan28', 'huasanyelao', 'andypetrella', 'jiandanjinxin', 'MichalPaszkiewicz', 'EpiSlim', 'fighting-dreamer', 'minsle', 'TejeswaraReddy836', 'shayan-taheri', 'kroitor', 'batermj', 'mikesdatawork', 'bourbakis', 'thosil']","['lrz', 'josephmisiti', 'asyd', 'glouppe', 'ys', 'andypetrella', 'xtordoir', 'thosil', 'arjoly', 'PierreGts', 'Supermanu', 'ndemoor', 'loic911', 'deladriere', 'omegear']"
11,Asterisk14,josephmisiti,awesome-machine-learning,,User,,,,2013-10-24T10:53:50Z,2020-04-18T16:40:44Z,"['aduguid', 'hshs-prog']","['benanne', 'munificent', 'echen', 'alexmg', 'karpathy', 'roseperrone', 'f0k', 'SuperV1234', 'andyh47', 'diegohavenstein', 'JoePlant', 'machzqcq', 'Scitator', 'manishrdmishra']"
12,Charismatron,josephmisiti,awesome-machine-learning,,User,,,,2016-09-22T07:30:48Z,2019-01-28T20:47:53Z,[],[]
13,JJ,josephmisiti,awesome-machine-learning,Juan Julián Merelo Guervós,User,,"Granada, Spain, Europe",Developing since 1983,2008-02-20T16:48:57Z,2020-11-10T07:06:16Z,"['DraXus', 'fernand0', 'mayoral', 'pantulis', 'alexm', 'XayOn', 'vrruiz', 'Noxbru', 'victoriano', 'Amab', 'deantares', 'bienvenidosaez', 'OmeGak', 'juandesant', 'antoniogomez', 'renatolrr', 'antiface', 'jrgonzalezg', 'salva', 'vencejo', 'kirai', 'aguynamedloren', 'jneight', 'franciscoj', 'manuti', 'cicloon', 'melero90', 'sergiogoro', 'oskyar', 'BetabeersSevilla']","['fernand0', 'sole', 'audreyt', 'diegok', 'pplu', 'jdelacueva', 'loiane', 'azawawi', 'XayOn', 'jluis', 'TimToady', 'DragonBe', 'dam', 'Mrbytes', 'akshayaurora', 'pongstr', 'melezhik', 'tripu', 'ciberado', 'trishagee', 'vterron', 'antiface', 'deantares', 'ajnebro', 'SeHarrys', 'josecolella', 'meis', 'javilonas', 'd9w', 'dcomino']"
14,Jasonnor,josephmisiti,awesome-machine-learning,Jason Wu,User,,Taiwan,"In order for you to profit from your mistakes, you have to get out and make some.",2014-05-17T06:38:58Z,2020-11-09T15:47:54Z,"['angusshire', 'kyoyadmoon', 'lucienlo', 'tz5514', 'BlancosWay', 'hugkoala', 'ArcherFather', 'laim9006', 'CodexCoda', 'cuba1526', 'liumusicforever', 'dalinhuang99', 'SyuanLiao', 'AndiChiou', 'abdusamed91', 'MuhammetOzturk', 'SuwakoKochiya', 'haoht', 'TimWelson', 'weixinCaishang', 'iiill', 'idhong', 'zr8091', 'yuzaitian', 'zbl19962', 'zykjcom', '724888', 'MonsterPiPi', 'buduoshuo', 'angleguan']","['ry', 'tj', 'ambv', 'filhodanuvem', 'developit', 'jridgewell', 'wesbos', '1st1', 'karpathy', 'pjreddie', 'shelhamer', 'simeji', 'goodfeli', 'alexjc', 'elic', 'yyx990803', 'Yangqing', 'fchollet', 'andreasjansson', 'ruanyf', 'torvalds', 'rbgirshick', 'tiangolo', 'Gizeta', 'Grabacr07', 'danijar', 'miguelgrinberg', 'jcjohnson', 'titu1994', 'songhan']"
15,LarryBattle,josephmisiti,awesome-machine-learning,Larry Battle,User,me,Texas,Full stack developer. Ask and I'll help. larrybattle.me,2010-05-27T02:56:25Z,2020-10-24T19:14:50Z,"['Cinetryx', 'sequoiar', 'kapilratnani', 'ympbyc', 'maedi', 'dariothornhill', 'baseprime', 'arunkumararnady', 'errietta', 'dreadjr', 'nxbdi', 'markschwarz', 'BuZZ-dEE', 'pmaingi', 'PapePathe', 'dazld', 'namoricoo', 'GenevieveValera', 'STRd6', 'themifycloud', 'eddydon', 'kanthi', 'zarinn3pal', 'yinyang', 'wmydz1', 'LeoBest', 'tdtrung17693', 'jayesh15111988', 'chrisdamba', 'krmannix']","['maryrosecook', 'bslatkin', 'errietta', 'carbocation', 'DmitrySoshnikov', 'sabersd', 'dionyziz', 'foo123', 'jedibatman', 'jamessanderlin', 'bmdelaune', 'varshiniramaraj']"
16,Metnew,josephmisiti,awesome-machine-learning,Vladimir Metnew,User,,"Ukraine, Kiev",AppSec engineer @grammarly ,2015-02-05T07:55:05Z,2020-10-23T10:26:56Z,"['nkvsv', 'vvv-v13', 'MaximAdler', 'cusspvz', 'TianJiaDaShao', 'Brovchuk', 'Veron4ik', 'ilona-dr', 'kildauu', 'niko150', 'Archakov06', 'manu14889', 'lucas-aragno', 'Cabeda', 'ietuday', 'lineldcosta', 'pavanmehta91', 'josephdburdick', 'damian-szulc', 'di1eep', 'SourcingDenis', 'POleszkiewicz', 'mloayzagahona', 'RogerGold', 'deju', 'funchs', 'ToBePlus', 'audiowaves', 'vlad-ovsyannikov', 'jxuazalead']","['tj', 'antonbabenko', 'hugsy', 'nickdesaulniers', 'bazad', 'knightsc', 'c0rvax', 'objective-see', 'Xyntax', 'nkvsv', 'Dliv3', 'shchypylov', 'alephsecurity', 'bohkoval']"
17,NathanEpstein,josephmisiti,awesome-machine-learning,Nathan Epstein,User,,"New York, NY",,2013-03-27T21:06:52Z,2020-11-06T20:18:27Z,"['liamhonecker', 'nikolayastakhov', 'ginna-baker', 'christiansakai', 'Adam262', 'dmarg', 'VanessaSergeon', 'roaringsheep', 'matif84', 'andrwln', 'rememberlenny', 'atomica', 'cesarvargas00', 'harrisrobin', 'jprichardson', 'dreamineering', 'Logle', 'HayleyCAnderson', 'martinbutler', 'AbbyBiying', 'jacksonjunelee', 'matiasinsaurralde', 'zhouzhenghui', 'samim23', 'JulioMontas', 'abenassi', 'designMoreWeb', 'gabrielaldana87', 'punkeel', 'drvinceknight']",[]
18,ProGamerGov,josephmisiti,awesome-machine-learning,,User,,Multiverse ,,2015-01-21T05:49:36Z,2020-11-10T14:31:00Z,"['silky', 'fly51fly', 'calufa', 'xiaohaoqy', 'davidpkatz', 'dovanchan', 'technologiclee', 'tisawe', 'ajhool', 'r-o-g', 'wiplug', 'bmaltais', 'Foolevil', 'calufoide', 'eps696', 'roscopecoltran', 'JCBrouwer', 'slumber-ship', 'StoneCypher', 'NightMachinary', 'enriqueg', 'rahidz', 'jontsanders', 'ZLester', 'rrmina', 'nduas77', 'atonn', 'hawkit', 'JaledMC', 'zhudaoruyi']",['jcjohnson']
19,ajkl,josephmisiti,awesome-machine-learning,Ajinkya Kale,User,,,,2013-07-02T05:05:00Z,2020-07-03T17:53:50Z,"['jonbaer', 'htoooth', 'stephentu', 'yourfrienddhruv', 'mahmoudparsian', 'avm314', 'prateeknepaliya09', 'satpreetsingh', 'sarahrn', 'angusshire', 'XiaoruiZhu', 'alexdirecting', 'meankurjain', 'jimmywilk', 'htaghizadeh', 'Yikez978', 'KevinHock', 'ceteri', 'qqadssp', 'PyDever', 'AkiraKane', 'ranibagai', 'ronenhamias', 'Irfanrida', 'Karolyna84', 'mikesdatawork', 'carlosal1015', 'batermj', 'marcelomata']","['hadley', 'johnmyleswhite', 'daattali', 'AllenDowney']"
20,ajmeese7,josephmisiti,awesome-machine-learning,Aaron Meese,User,US Army,"Pensacola, Florida",I love working with open source. Reach out if you want to collab!,2016-03-13T17:56:10Z,2020-11-10T13:35:33Z,"['efyang', 'tonypan2000', 'sydneyhen', 'dplewis', 'Djmo4sho', 'ECH0BOLT', 'ThenNoob', 'liuzhilinux', 'lysandroc', 'JohannesSeikowsky', 'pygyme', 'dyb10101', 'dotfm', 'bryanthuan', 'gggscript', 'nguyennmt3009', 'erravimishracse', 'momoshehap', 'Lisprez', 'vivekumar', 'yolorenzo', 'SOHELAHMED7', 'Loudawg11', 'dann95', 'cosmos-coder', 'WhiteSymmetry', 'VakinduPhilliam', 'Kamomase1', 'up73k', 'DevenLu']","['substack', 'tholman', 'bchiang7', 'efyang', 'sidpagariya', 'puemos', 'thomasbnt', 'prateekiiest', 'fencer85math', 'tonypan2000', 'DYstebo', 'ECH0BOLT', 'prabhatdev', 'zetine']"
21,basickarl,josephmisiti,awesome-machine-learning,Karl Morrison,User,,"Malmö, Sweden",The question is: Will you take me seriously,2015-01-12T23:29:24Z,2020-11-10T12:56:26Z,"['simon1573', 'CommanderAlchemy', 'geovanerocha', 'lucas-aragno', 'ngochoan1011', 'torioyoshiko', 'roask', 'christianechevarria', 'Karolyna84', 'mikesdatawork', 'nickstamat']","['loveleif', 'nickstamat', 'CommanderAlchemy', 'simon1573', 'torioyoshiko', 'roask']"
22,benedekrozemberczki,josephmisiti,awesome-machine-learning,Benedek Rozemberczki,User,,Edinburgh,"
    PhD candidate at The University of Edinburgh  @cdt-data-science working on machine learning and data mining related to graph structured data.
",2016-02-21T12:10:39Z,2020-10-28T00:08:59Z,"['bbaattaahh', 'korenmiklos', 'puhazoli', 'mayank5695', 'yashk2810', 'saiviki', 'sunil1066', 'faizankshaikh', 'santiagomota', 'nitishiitkgp', 'barnadnl', 'gaurav67890', 'Gogula', 'albertbuchard', 'VishalSharmaDataScience', 'rossdrew', 'deepuouce', 'anhnguyendepocen', 'akshaykarangale', 'karimserkhane', 'conormdurkan', 'maniyar2jaimin', 'kubikb', 'abhijeet0910', 'MLDroid', 'laurazh', 'freuk', 'Bonzepiss', 'multiversetheorie', 'yijizhao']","['mnick', 'blais', 'arturbekasov', 'chihming', 'leotrs', 'gngdb', 'korenmiklos', 'nataliazon', 'aldum', 'paulmorio', 'JamesOwers', 'wenkokke', 'ibalazevic', 'MLDroid', 'Jmallins', 'peterzsohar', 'xgfs', 'rusty1s', 'donnate', 'gpapamak', 'MichSchli', 'ida-szubert', 'conormdurkan', '0xSameer', 'sfme', 'kubikb', 'LudovicaLV', 'edfincham', 'vermaMachineLearning', 'AsaCooperStickland']"
23,bigsnarfdude,josephmisiti,awesome-machine-learning,BigsnarfDude,User,,Canada,"Standing on the shoulders of giants - ML, Data Mining, Deep Learning, and DFIR. 
https://www.Kaggle.com/vincento. 
Python, Scala, Spaces, and VIM.",2012-09-05T04:28:30Z,2020-11-06T04:47:18Z,"['angusb', 'coreylynch', 'blake41', 'holgersindbaek', 'pdevlieger', 'krmaxwell', 'cniclsh', 'tavisrudd', 'egall', 'Demeter', 'hardBox', 'maxlikely', 'lcruzero', 'YOnoda', 'dat-boris', 'TDKPS', 'stiandre', 'adulau', 'urbanski', 'mlgill', 'adnbsr', 'trietptm', 'fffaraz', 'facelessman', 'hehead', 'patrikbreitenmoser', 'brifordwylie', 'aschuster99', 'KateLibC', 'mopsusm']","['jamesgolick', 'yrashk', 'avdi', 'tmm1', 'adulau', 'aphyr', 'knewter', 'hadley', 'talentdeficit', 'darius', 'zaxtax', 'josevalim', 'dlwh', 'avibryant', 'igrigorik', 'adamhooper', 'swannodette', 'benoitc', 'sethhall', 'nelhage', 'tuulos', 'johnmyleswhite', 'nuttycom', 'ellisonbg', 'st3fan', 'jsuereth', 'chewy', 'hseeberger', 'sroberts', 'JoshRosen']"
24,brylie,josephmisiti,awesome-machine-learning,Brylie Christopher Oxley,User,GeriLife,"Tampere, Finland",Free/open source software developer.,2008-07-17T05:11:49Z,2020-11-09T10:52:33Z,"['Gabrielg1976', 'kotp', 'micahflee', 'Jiarui315', 'trietptm', 'jakkeitsomboon', 'Smiu', 'Rahbaran', 'perfaram', 'ernoma', 'sebbel', 'ccsr', 'emirhartato', 'limingth', 'maxnowack', 'mauriciovieira', 'dibaunaumh', 'hfpp2012', 'amcsquare', 'ahmadnassri', 'dmolina-ot', 'leonwilliams', 'jykae', 'bkorjonen', 'angusshire', 'leosa83', 'soyelmnd', 'aruntk', 'cusspvz', 'mgifford']","['jezdez', 'jeresig', 'bergie', 'liquidautumn', 'kshepard', 'sophiebits', 'kennethlove', 'kennu', 'edrex', 'xet7', 'jwalgran', 'rrbaker', 'MikeRalphson', 'CoralineAda', 'nighthawk', 'mikelmaron', 'deanius', 'ellisonbg', 'rwaldron', 'LeifW', 'jasondavies', 'tmcw', 'zenx', 'bhousel', 'gr2m', 'kdeloach', 'timoxley', 'hectcastro', 'openrain', 'dibaunaumh']"
25,cogmission,josephmisiti,awesome-machine-learning,David Ray,User,,Third planet from the sun...,Humanity's freedom and abundance through the pursuit of technological innovation in the area of cognitive applications - Cognition Mission,2012-09-13T14:47:20Z,2020-09-18T02:44:05Z,"['baroobob', 'gamahead', 'haveaguess', 'dhodnett', 'Antoniopg', 'wlmiller', 'passiweinberger', 'jzjzjzj', 'preddy5', 'jefffohl', 'yjy56346', 'badlogicmanpreet', 'rhyolight', 'wuxianliang', 'wakatana', 'swhgoon', 'plbecker', 'fergalbyrne', 'sleyzerzon', 'ariewu', 'AstralBricks', 'mschultheiss83', 'Zuntara', 'agibsonccc', 'schpedee', 'MichalPaszkiewicz', 'arhik', 'rohithadassanayake', 'sebjwallace', 'MauricioLimaJR']","['rhyolight', 'floybix', 'AshwinJay', 'chetan51', 'oxtopus', 'gigasquid', 'TomasMikula', 'Bamco', 'doppioslash', 'antidata', 'danieldietrich', 'mikojava', 'agibsonccc', 'erikgraf', 'jewelsea', 'subutai', 'terifry2446', 'GeraldLoeffler', 'wcurrie', 'TaylorPeer', 'breznak', 'marionleborgne', 'fwebber', 'danielschreiber', 'solovyevk', 'baroobob', 'badlogicmanpreet', 'ShokuninSan', 'ryanjmccall', 'wlmiller']"
26,danyaljj,josephmisiti,awesome-machine-learning,Daniel Khashabi,User,,,,2012-09-28T00:54:24Z,2020-11-09T18:24:52Z,"['qss2012', 'cusspvz', 'shatu', 'alvcoelho', 'technologiclee', 'Azarakhsh', 'pkhorrami4', 'bhargav', 'silky', 'mhbashari', 'kiminh', 'mahi97', 'nitishgupta', 'oroszgy', 'objects-time', 'Elisabethhui', 'javadhelali', 'Aleyasen', 'lixinsu', 'Sethrono', 'purvanshi', 'batermj', 'farzadhass', 'murattann', 'jrc3d', 'joelhandwell', 'dykang', 'Slash0BZ', 'michaelyma12', 'PatrickgHayes']",[]
27,dmcc,josephmisiti,awesome-machine-learning,David McClosky,User,,Internet,,2011-02-25T04:12:30Z,2020-06-15T19:18:12Z,"['riedelcastro', 'svivek', 'mt3', 'ninjin', 'JvJ', 'gangeli', 'OmerShapira', 'xiangli', 'rajatkhanduja', 'builtinnya', 'timvieira', 'jiangfeng1124', 'vdt', 'gvjoshi25', 'yauhen-info', 'arne-cl', 'reckart', 'lavizhao', 'senseb', 'anirudh708', 'MDMoll', 'vegeta03', 'cusspvz', 'dseddah', 'titipata', 'angusshire', 'nimblemachine', 'kam-brown', 'BruceFenghaha', 'Jyny']","['arjunguha', 'antimatter15', 'cce', 'dramage', 'drewp', 'melsner', 'redpony', 'riedelcastro', 'aklement', 'callison-burch', 'timvieira', 'vene', 'vandurme', 'ninjin', 'percyliang', 'danielcer', 'mjpost', 'gangeli', 'spyysalo', 'disconnectme', 'syllog1sm', 'gmarceau', 'hollingk', 'jacobeisenstein', 'jbjorne', 'MihaiSurdeanu', 'hal3', 'andre-martins', 'tobigue', 'mfaruqui']"
28,dmoisset,josephmisiti,awesome-machine-learning,Daniel F Moisset,User,,"London, UK",,2010-02-10T02:11:43Z,2020-11-02T22:50:40Z,"['matagus', 'marianoguerra', 'baco', 'j0hn', 'vdg0', 'exezaid', 'alep', 'aseba', 'jmansilla', 'nwolovick', 'gonzalodelgado', 'emepe', 'laychopy', 'ogranada', 'ronsuez', 'mgaitan', 'fedejaure', 'heubd', 'felixjimenez', 'Nassty', 'NunoEdgarGub1', 'roxana-lafuente', 'pablogventura', 'fbonafe', 'adamchainz', 'powellc', 'acurto714', 'denglert', 'KevinHock', 'PrabhatCS']",[]
29,hslatman,josephmisiti,awesome-machine-learning,Herman Slatman,User,DistributIT,,,2011-11-25T09:38:36Z,2020-11-10T21:10:40Z,"['moskovenko', 'jithurjacob', 'galaris', 'kalluriharsha', 'monadic', 'vlordier', 'me-pegasus', 'cusspvz', 'gabrielpconceicao', '4lyingli0n', 'angusshire', 'grcninja', 'matiasinsaurralde', 'GionJh', 'hakansel', '0xM3R', 'humbertcostas', 'ParinVachhani', 'msmakhlouf', 'PSJoshi', 'meInBln', 'Dhamuharker', 'ahhh', 'abhibundela', 'solower', 'silky', 'tharani29', 'trietptm', 'asoa', 'esdaniel']","['bitprophet', 'shazow', 'jippi', 'colinmollenhour', 'sroberts', 'gamelinux', 'dunglas', 'enygma', 'blasty', 'njl', 'jedisct1', 'abhinavsingh', 'volpino', 'bmuller', 'kbandla', 'valyala', 'nicolasgramlich', 'achillean', 'filp', 'brianwarehime', 'samyk', 'peterjaap', 'nikcub', 'tylertreat', 'cottow', 'bamos', 'gfoss', 'TimVroom', 'mpociot', 'milo2012']"
30,ipcenas,josephmisiti,awesome-machine-learning,,User,,,,2019-02-10T18:01:11Z,2020-11-05T20:40:13Z,['superppp'],[]
31,ivigamberdiev,josephmisiti,awesome-machine-learning,,User,,,,2017-04-04T13:12:32Z,2020-10-06T17:12:03Z,"['mikesdatawork', 'justicelee']",[]
32,jeff1evesque,josephmisiti,awesome-machine-learning,Jeff Levesque,User,,,,2012-11-28T00:59:42Z,2020-11-11T03:01:39Z,"['alibama', 'ysei', 'brenopolanski', 'jaxbot', 'ivyctx', 'ksengottuvel', 'skymanaditya1', 'lato', 'frankzwang', 'UgurAldanmaz', 'razawi', 'charissalaw', 'AaronHarris', 'vaibhavagg12393', 'nspez', 'mrdrewkeller', 'NatuMyers', 'ncouture', 'Raalsky', 'iamharshit', 'anil884', 'strategist922', 'vishalbelsare', 'akathar1', 'manish211', 'AshishBhumkar', 'lagvier', 'Asad-Khan-Aasanjobs', 'ilearnProgramme', 'ajyadav013']",[]
33,josephmmisiti,josephmisiti,awesome-machine-learning,,User,,,,2017-06-29T12:36:26Z,2018-09-10T19:09:21Z,"['Dayof', 'hamck']",[]
34,mandar2812,josephmisiti,awesome-machine-learning,Mandar Chandorkar,User,Connecterra BV,"Rotterdam, Netherlands","Data Scientist at @Connecterra. Previously PhD student at CWI Amsterdam & @INRIA Paris-Saclay. 
Machine Learning, Physical Systems.

",2012-01-29T19:00:34Z,2020-09-13T12:45:31Z,"['emraanali11', 'mayanktg', 'maximelucas', 'abhirupkgp', 'sisirkoppaka', 'Koldh', 'threebee', 'daishichao', 'GillesJ', 'snakecy', 'elayousef', 'raghavrv', 'bluedarter', 'alexchao2012', 'MichalPaszkiewicz', 'amitkumarj441', 'swhgoon', 'siddhartha-chandra', 'raj-maurya', 'smrjan', 'achillessaxby', 'gaqzcb', 'sirinath', 'SaumoPal97', 'ajohi', 'stonegao', 'ndixita', 'Jingsai', 'kapilsh', 'chidamnat']","['sisirkoppaka', 'Smerity', 'artagnon', 'colah', 'lawrennd', 'birkenfeld', 'okram', 'karpathy', 'josephmisiti', 'ochafik', 'densh', 'rougier', 'inconvergent', 'y0ast', 'debasish83', 'sameersingh', 'sdrogers', 'darkjh', 'lihaoyi', 'tmoerman', 'prlz77', 'lvdmaaten', 'mayanktg', 'eaplatanios', 'tmoneyx01', 'hbcbh1999', 'yeghishe', 'amuise', 'joaquinvanschoren', 'fommil']"
35,muhammadyaseen,josephmisiti,awesome-machine-learning,Muhammad Yaseen,User,,"Saarbrücken, Germany","ML, DL, Probabilistic Models.",2013-05-18T17:19:45Z,2020-10-27T07:53:40Z,"['AsjadLFC', 'alexcio', 'VladSkripniuk', 'thanif']","['nasimrahaman', 'akkefa', 'VladSkripniuk', 'waleedgondal']"
36,navdeep-G,josephmisiti,awesome-machine-learning,Navdeep Gill,User,@h2oai ,"Morgan Hill, CA",Data Scientist & Software Engineer,2014-12-03T03:21:52Z,2020-11-11T00:44:58Z,"['angusshire', 'sudarshan4455', 'ZhihengCV', 'ledell', 'ck37', 'RanaivosonHerimanitra', 'jiehu567', 'meankurjain', 'jakubhava', 'PrernaDas', 'fengguohui', 'vinnarg', 'nikolayvoronchikhin', 'BruceZhaoR', 'nikhilshekhar', 'davpinto', 'bheenigarg', 'radovankavicky', 'mikedeltalima', 'chinki16', 'kourouklides', 'k6814', 'AKSHAYUBHAT', 'DiscoverSeanTang', 'AneemaRani', 'ttungl', 'datajms', 'santiagomota', 'scott8975', 'mikekiwa']","['hadley', 'seanjtaylor', 'wch', 'ogrisel', 'jjallaire', 'robjhyndman', 'jcheng5', 'karthik', 'yihui', 'dbader', 'ramnathv', 'amueller', 'sckott', 'mmalohlava', 'jefffohl', 'gaborcsardi', 'eddelbuettel', 'fchollet', 'jakevdp', 'batpigandme', 'torvalds', 'mdymczyk', 'trestletech', 'spennihana', 'christophM', 'mklechan', 'krlmlr', 'gdequeiroz', 'kevinushey', 's-u']"
37,spekulatius,josephmisiti,awesome-machine-learning,Peter Thaleikis,User,@bringyourownideas ,127.0.0.1,Software engineer focused on solutions using open source and simply filling in the gaps to fulfill the requirements.,2014-08-13T02:00:28Z,2020-11-11T13:05:11Z,"['adrexia', 'shoaibali', 'alialamshahi', 'colinedmz', 'dljoseph', 'cusspvz', 'jelicanin', 'stevie-mayhew', 'tsrandrei', 'angusshire', 'javiereguiluz', 'soyelmnd', 'chillu', 'sandipbgt', 'patricknelson', 'hdpero', 'doctorlard', 'krystianzybala', 'benny-xu', 'GammaGos', 'lexakami', 'Mati365', 'Shipow', 'zhenglu0', 'Andrew-Mc-Cormack', 'evinw', 'srynot4sale', 'iunary', 'lucasrs', 'gcrouigneau']","['vlucas', 'calavera', 'myles', 'Gregg', 'abraham', 'philhawksworth', 'biilmann', 'isaacs', 'juliangruber', 'watson', 'markmarkoh', 'rauchg', 'petyosi', 'hemanth', 'fabacab', 'inxilpro', 'shkm', 'sebastianbergmann', 'tj', 'pmjones', 'weierophinney', 'bradjasper', 'ajshort', 'novemberborn', 'andrewrcollins', 'ramsey', 'leeoniya', 'sovanesyan', 'mattm', 'lenn4rd']"
38,wenyangfu,josephmisiti,awesome-machine-learning,Wenyang Fu,User,Microsoft,,"Dreamer | Machine learner | Music lover

He/Him | Views are my own",2014-02-02T22:01:48Z,2020-10-01T19:19:43Z,"['gordontsai', 'galadeepen', 'bzsinger', 'nlakhotia91', 'stuti-madaan', 'a-stahl', 'danemacaulay', 'alvin319', 'taojin1992', 'SouLeo', 'Gail66', 'zjwzclc', 'adamnemecek', 'zsj9509', 'RohanNagar', 'williewillus', 'QueenieLLIU', 'batermj', 'mallika100294', 'seven7eight8', 'dem108', 'LunarMother']","['graydon', 'noelwelsh', 'cloudhead', 'cmeiklejohn', 'JoshRosen', 'seanmonstar', 'holdenk', 'colah', 'antirez', 'johnynek', 'geohot', 'ageron', 'runarorama', 'milessabin', 'brson', 'kylemcdonald', 'danluu', 'agramfort', 'SethTisue', 'joshtriplett', 'yihui', 'jaberg', 'jonhoo', 'eed3si9n', 'non', 'mateiz', 'rspeer', 'sdiehl', 'fabianp', 'pjreddie']"
39,CorcovadoMing,wepe,MachineLearning,,User,,,,2012-11-18T18:48:07Z,2020-10-30T16:59:44Z,"['ukjhsa', 'TacoXDD', 'FlandreDaisuki', 'BazukaOC', 'cusspvz', 's89227', 'ivan-lin1993', 'scott987', 'Shipow', 'BenjaminUJun', 'allanlan', 'alete89', 'Vin-ming', 'SiChiTong', 'xchehub', 'opengineer', 'mattwang44', 'shwethakhet', 'miszao', 'Xiaozhou18']","['godfat', 'c9s', 'dannvix', 'philsquared', 'shawntan', 'jpetazzo', 'karpathy', 'joshjdevl', 'jserv', 'sinmaplewing', 'everpeace', 'fchollet', 'c3h3', 'Kaixhin', 'soumith', 'wabilin', '0xAX', 'songhan', 'rtqichen', 'floodsung', 'rosinality', 'dariobanfi', 'aigecko', 'swt02026', 'deviantony', 'FlandreDaisuki', 'BazukaOC', 'eladhoffer', 'ekzhang', 'TacoXDD']"
40,enjoyhot,wepe,MachineLearning,enjoyhot,User,SCUT,China,D,2015-01-13T09:52:24Z,2020-11-09T04:04:20Z,"['wepe', 'CherryZlt', 'luo9168', 'wayswang', 'strategist922', 'guangjunyao', 'LDONT', 'allanlan', 'xiaoyexixi', 'PANGMeng', 'Jie-Yuan', 'Qinhui-Xu', 'lxj0276', 'BUPTGuo', 'gangzhuzi', 'gao634209276', 'bidforbayes', 'dasuki826', 'WangHanbin', 'mstraughan86', 'picardrosa', 'YohLee', 'star1103', 'williamkk', 'chenhaiyan90', 'codealphago', 'chrisyaeh3', 'zq2323', 'FlashYLF', 'Zhuifeng414']","['hongruiqi', 'wuchong', 'billhhh', 'wepe']"
41,junlulocky,wepe,MachineLearning,Jun Lu,User,,,"ML, Stats. Jekyll & design lover. Blog at [cheerml.com]. ",2015-03-17T14:36:43Z,2020-09-26T10:57:07Z,"['OVSS', 'liuchen11', 'windy-lf', 'kingfolk', 'Jiawei918', 'nhantu86', 'ShawnXiha', 'YunqiuXu', 'yeephycho', 'IamTao', 'memoiry', 'anidesign', 'wepe', 'wangbao0801', 'designert', 'gao634209276', 'paihuo', 'ZJCODE', 'jameszlj', 'sandriaincapetown', 'weeplearning', 'bidforbayes', 'kockj', 'TESCO11', 'Siina718', 'GreenLiuWhy', 'tfzh', 'aytekinar', 'jacky152', 'dulei760']","['mnielsen', 'colah', 'mblondel', 'karpathy', 'biomadeira', 'wiseodd', 'kingfolk', 'iamtrask', 'wepe', 'yeephycho']"
42,poyuwu,wepe,MachineLearning,,User,,,,2011-12-20T15:36:57Z,2019-12-27T03:04:28Z,"['technologiclee', 'allanlan', 'minesh1291']",['rschiang']
43,DavidMachineLearning,udacity,machine-learning,David,User,david forino AI Solutions,Ingolstadt,I am a researcher in the field of Deep Learning with experience in robotics and vehicle safety.,2018-07-19T14:52:20Z,2020-11-09T18:54:10Z,"['patboony', 'Subhashinimadhavan', 'VinitaGathani', 'tejashadkar', 'sowantharajan', 'stjordanis', 'erinfolami', 'memetics19', 'mrraselsarkar', 'akilelkamel', 'rayanabu', 'dieptran43', 'ahmedshokry2013', 'BALaka-18', 'Michael-Attenberger', 'rohithebbar28', 'Ayivodji']",[]
44,KarthikNayak,udacity,machine-learning,Karthik Nayak,User,,"Bangalore, India",,2012-05-28T17:41:12Z,2020-11-11T07:06:29Z,"['niteshjain', 'AnimeshSrivastava', 'dash-rai', 'abhi12ravi', 'upman', 'SreeChaitanya', 'viggyprabhu', 'shashankmc', 'dhireshjain', 'Kishan-Gupta', 'abraarsyed', 'mohammedoosman', 'payalmehta', 'abhijainn27', 'sriyan-a', 'nilesh1581', '0xNaN', 'rcodin', 'navise', 'Utkarsh-K', 'Aksh2', 'hackintoshrao', 'akhileshydv', 'vrajanap', 'calavandi', 'cusspvz', 'melrick8196', 'pranitbauva1997', 'KshitijKarthick', 'Amanskywalker']","['moy', 'peff', 'gitster', 'chriscool', 'dbalan', 'viggyprabhu', 'sarathms', 'franciscofranco', 'jvns', 'DooMLoRD', 'stellirin', 'torvalds', 'lupohirp', 'amoghbl1', 'roqu3', 'DJNoXD', 'rtindru', 'raun', 'Somsubhra', 'campoy', 'azhar2005', 'nkozyra', 'niteshjain', 'dash-rai', 'zishanAhmad', 'bhavul', 'upman', 'dharmaraopv', 'sujithvm', 'Utkarsh-K']"
45,ShengKungYi,udacity,machine-learning,Sheng Kung Yi,User,,"Bay Area, California","Enthusiast of math and statistics, games of all sorts and the application of math and statistics to games.",2014-02-24T20:44:23Z,2020-05-27T06:29:44Z,"['mohammedsafwat', 'pengyuange', 'gnujoow', 'hemel-cse', 'abitbetter', 'snmateen', 'monajalal', 'elon-', 'sudarshan4455', 'YanhuaHe', 'yyfsyw', 'tangshuran', 'camilosampedro', 'abdulhannanali', 'IanBoyanZhang', 'KyawKhine-1987', 'gani1127', 'naylinhtunit', 'ulises-or', 'KarimMokhtar', 'FredWe', 'EfrainPerez23', 'saif1986', 'yijigao', 'GCPBigData', '5amyak', 'marcioozorio', 'SIWEIX', 'ZaidUsm', 'samux87']",[]
46,adarsh0806,udacity,machine-learning,Adarsh,User,,San Francisco,"Environmentalist. Machine Learning Engineer. 'Computer Science is no more about computers than astronomy is about telescopes.' EW Dijkstra
",2014-05-19T21:57:22Z,2020-09-09T18:42:26Z,"['muhanadra', 'ahmad-luqman', 'msGenDev', 'trejoramiro', 'batistebatiste', 'nick2106', 'deepeshiworld', 'devyash', 'ahsanhabib91', 'diningPhilosopher64', 'humeji', 'metingur', 'IsmailMtaallah', 'yikaraman', 'antranthien', 'aajmillar', 'amayadiaz', 'juliancms', 'ywang04', 'ghoshabhi', 'jayzhou215', 'paulohcorreia', 'Enver92', 'divyanshu-rawat', 'naveen2393', 'MohisinShaik', 'PieHust', 'tkjef', 'naiborhujosua', 'dhananjaydeveloper']","['hadley', 'ihodes', 'karpathy', 'wesm', 'amueller', 'fchollet', 'amitkaps', 'dgrtwo', 'llSourcell', 'rhiever', 'chrisalbon', 'chdoig', 'rasbt']"
47,brandon-o,udacity,machine-learning,Brandon Odegard,User,,,,2012-09-10T04:33:21Z,2020-11-05T19:47:41Z,"['edgar4', 'Natasha-Weston', 'gitlisted', 'technologiclee', 'metadings', 'eistrati', 'Erickmateli', 'cenaion', 'dplewis', 'opengineer', 'AndiChiou', 'johntakesnote', 'itsmeetkumar', 'jeetash']","['olivercameron', 'dynamicwebpaige']"
48,clapollo,udacity,machine-learning,Chris LaPollo,User,,,,2014-09-05T02:01:23Z,2020-11-03T05:46:20Z,"['Namurr', 'coolsgupta', 'gparkis', 'miguelusque', 'rathnaum', 'ZahoreczTibor', 'angelmtenor', 'raivitor', 'ShupingR', 'kavap', 'azouariUTD', 'mdcramer', 'arjun-nataraj-2604', 'nightraindust', 'rpalsaxena', 'azouari', 'vishnuvardhanreddychallapalli', 'skmh', 'ashrafsalah', 'ahmedelq', 'andrewash', 'vivekavardhana']",[]
49,filipefilardi,udacity,machine-learning,Filipe Filardi,User,,"São Paulo, SP Brasil",,2014-04-15T23:35:47Z,2020-11-10T12:55:37Z,"['victoredoardo', 'waldirbertazzijr', 'Fawkis', 'art-carnieto', 'justguerra', 'FernandaBernardo', 'angusshire', 'k0h1zuk4', 'foo0x29a', 'filipefilardiJenkins', 'renansfs', 'vafjr87', 'nicolasmelo1', 'plsayon', 'wilder', 'Marc-g-Z', 'blmayer', 'JonathanxD', 'nagano', 'ffelipeflores', 'matheus-asilva', 'nakanof', 'muchou', 'renanboni', 'luucasac', 'Deh410', 'tramontini', 'gabrielakoreeda', 'julianomcl', 'nivaldogmelo']","['hadley', 'ewilderj', 'herrmann', 'waldirbertazzijr', 'nathanshartmann', 'paulosalem', 'FernandaBernardo', 'norvig', 'justguerra', 'JonathanxD', 'vafjr87', 'donnemartin', 'renansfs', 'abarbosa94', 'gabrielsina', 'FernandoFavoretti', 'mari-linhares', 'blmayer', 'nivaldogmelo', 'k0h1zuk4', 'matheus-asilva', 'foo0x29a', 'wilder', 'nicolasmelo1', 'renanboni', 'Deh410', 'nagano', 'nakanof', 'gustavocarchat']"
50,fixingitnow,udacity,machine-learning,pradeep,User,,San Fransisco,,2018-07-05T23:29:37Z,2020-11-09T18:22:13Z,"['rawwar', 'DubWiser', 'steve-zhuolun-Zhang', 'Woobensky', 'vaxherra']",[]
51,jared-weed,udacity,machine-learning,Jared Weed,User,Udacity,"Massachusetts, USA",,2014-06-03T01:06:18Z,2016-11-09T19:24:51Z,"['Tsmith5151', 'DevDoug', 'Martijnde', 'celibertojr', 'agrawalnishant', 'ksasi', 'bitspace', 'devrohitraj', 'flysky1991', 'Raviteja-Ainampudi', '314rated', 'GioParis', 'srivatsakanchibotla', 'secilkokturk']",[]
52,jaredweed1990,udacity,machine-learning,,User,,,,2015-11-04T14:47:45Z,2018-12-14T22:07:45Z,[],[]
53,jaycode,udacity,machine-learning,Jay,User,Trio Digital Agency,"Surabaya, Indonesia","Data Science + AI for Investing, Self-Driving Cars, Brain-Computer-Interface",2009-09-13T07:17:07Z,2020-11-10T12:44:26Z,"['ahmetabdi', 'vdt', 'kingkastle', 'iferianto', 'weaver-viii', 'Celibelle', 'putama', 'ahmedash95', 'jiny2001', 'HelloWorldWinning', 'johnny555', 'KevinHock', 'luqiang21', 'gpavlov2016', 'elmashad', 'jianbuzhang', 'nadiat87', 'SumanthMeenan', 'Dmitriy-Vas', 'Sahanduiuc', 'pranjalchaubey', 'ayushi6560', 'wangjiehui11235', 'vinhch', 'joyoyoyoyoyo', 'sguzman', 'shayan-taheri', 'MaulikDave9', 'AmiriMc', 'EricRops']",[]
54,jeremykohn,udacity,machine-learning,Jeremy Kohn,User,,,,2013-08-26T23:56:32Z,2020-06-26T05:12:16Z,"['joelpurra', 'morenoh149', 'cusspvz', 'angusshire', 'BohemianHacks', 'callyleye', 'malosejohn', 'AdiChat', 'cenekSvoboda', 'bessonpelletier', 'kevinrodriguez-io', 'JordanMicahBennett', 'LennisNgugi', 'elyasrz', 'mdalmas', 'xgraph-vip', 'karanshah7371', 'mano3-1', 'paulwababu', 'Divyakathirvel26', 'R-Mishra', 'romanofficial', 'Priyanshu-C']","['schacon', 'datemyschool', 'deleteman', 'flyingsilverfin', 'nnnick', 'ChrisRus', 'fluorine']"
55,jxm-math,udacity,machine-learning,Juan José Madrigal,User,,Madrid,Mathematician interested in Educational Technology,2015-12-26T09:05:11Z,2020-11-09T19:28:52Z,"['dgomezcastro', 'charlesp0096', 'haztecaso', 'SamuelGCorregidor', 'pe1te3son', 'MaSteve', 'jorge236', 'mstraughan86', 'NelsonVides', 'gemaatienza', 'VGGatGitHub', 'aesedepece', 'javierckr', 'josuevalrob', 'doegar', 'sxwang1991', 'carlosal1015', 'jcponce', 'jonasagx', 'bekemax']",[]
56,kevdonk,udacity,machine-learning,Kevin Mayo,User,,"Mountain View, California, USA",,2014-10-15T02:53:04Z,2020-10-23T14:40:20Z,"['haopei', 'MimiBambino', 'jvojens2', 'georgejdli', 'lei-clearsky', 'PatrickO10', 'tylermorganme', 'Renniesb', 'grimesmea', 'drrnmcdnld', 'dathanb', 'jfmaggie', 'twhetzel', 'rrjoson', 'esayemm', 'simplegr33n', '3vezes', 'nickna', 'CeeWho', 'efeslive', 'sandguardian', 'ttandon']","['dathanb', 'salvador-dali', 'allanbreyes', 'simplegr33n', 'eatmoarrice']"
57,kysely,udacity,machine-learning,Radek Kyselý,User,,"Prague, Czechia",,2016-11-18T16:32:02Z,2020-11-10T12:29:27Z,"['JoeyQiang', 'RayPS', 'PavelLaptev', 'mamezito-zz', 'davo', 'hanonno', 'kocheck', 'williams55', 'benjarier', 'jmanhart', 'ajsb85', 'ritika26', 'aboutjax', 'tmergulhao', 'ajmalafif', 'lokidg', 'atav1k', 'dorkerdevil', 'elkraneo', 'andrewtanchuk', 'emilwidlund', 'plrthink', 'nataliemarleny', 'SuperJony', 'limichange', 'blond-in-blue', 'udacimak', 'ondrejsika', 'fabienjuif', 'TinaTinocka']","['koenbok', 'ondrejsika', 'jeremyjordan', 'ntaylorwss', 'fabienjuif']"
58,lcrucks,udacity,machine-learning,Luke Rucks,User,Udacity,,,2017-01-24T18:36:55Z,2018-05-08T19:42:39Z,['IanBoyanZhang'],[]
59,mattdeak,udacity,machine-learning,Matthew Deakos,User,,"Waterloo, Ontario, Canada",Studying Machine Learning at Georgia Institute of Technology,2016-03-22T04:58:56Z,2020-09-09T16:25:13Z,"['jeremyjordan', 'abhijitaradhye', 'ronaldokun', 'udacimak', 'ashish1500616', 'keithtmccartney']",[]
60,mier85,udacity,machine-learning,Michael Ernst,User,@Sixt,"Munich, Germany",,2013-08-31T09:42:42Z,2020-11-03T15:13:01Z,"['GodsBoss', 'xEtarusx', 'jpicht', 'ynori7', 'rhoetsc', 'kruftmeister', 'bsx', 'iwalz', 'alexborlis', 'papparazzo', 'siklol', 'kerwitz', 'chrikoch', 'khorsmann', 'keithballdotnet', 'Equanox', 'lobeck', 'kstkn', 'BigYopy']","['kerwitz', 'codec', 'rhoetsc', 'GodsBoss', 'bsx', 'lobeck', 'KiNgMaR', 'kstkn', 'audax', 'volcomism', 'zserge', 'iwalz', 'alexborlis', 'ynori7', 'iulia-pasov', 'papparazzo', 'jpicht', 'xEtarusx', 'khorsmann', 'johanbrandhorst', 'BigYopy', 'chrikoch', 'kleistermeister', 'Andi2209', '4hopp', 'kruftmeister']"
61,munyari,udacity,machine-learning,Panashe Fundira,User,@Dropbox,New York/Harare,,2013-11-03T00:11:19Z,2020-07-12T23:54:50Z,"['mariellefoster', 'MaxBittker', 'Shikkic', 'nothingexactly', 'porterjamesj', 'tayloraburgess', 'Linux-Player', 'ana0', 'LukaJorjoliani', 'judygabeskiria', 'dalinhuang99', 'cornelous', 'Bunlong', 'geekodour', 'LucianDavies', 'hariss63', 'yboukadoum', 'simandebvu']","['jferris', 'antifuchs', 'r00k', 'zacharydenton', 'tparisi', 'diracdeltas', 'jameysharp', 'isislovecruft', 'torvalds', 'hermanschaaf', 'MaxBittker', 'mariellefoster', 'ana0', 'rredberg', 'brammool', 'xtrntr', 'LukaJorjoliani']"
62,napratin,udacity,machine-learning,Arpan Chakraborty,User,,,,2012-09-28T15:29:44Z,2020-08-17T18:00:49Z,"['dfarrell07', 'JobenNC', 'jschornick', 'vivekwisdom', 'surajit-techie', 'jhairgallardo', 'boyko11', 'gtmashok', 'johnlockwood-wf', 'faizankshaikh', 'agrawalnishant', '000', 'jatinjindalj', 'arhik', 'amirtasbihi', 'liquidmetal', 'shirishgone', 'rmax', 'rantoniops', 'tmh8195', 'andrewlubsey', 'msankar', 'linxinzhe', 'srikanth-narayanan', 'jianxungao', 'midroid', 'meezsa', 'angelmtenor', 'kavap', 'apolmig']",[]
63,nickyfoto,udacity,machine-learning,Qiang Huang,User,Macworks,,,2014-10-09T07:20:45Z,2020-10-29T05:38:27Z,"['abdullah1908', 'cusspvz', 'angusshire', 'mozillo', 'MichalPaszkiewicz', 'fengsterooni', 'bloodycoder', 'alichenxiang', 'jamway', 'mlhy', 'fantaghiro', 'Usief', 'schrezraoeder', 'ytzhao', 'ypwhs', 'moliusmile', 'wxyinucas', 'evanzhu2013', 'kadise', 'quietcoolwu', 'NigelC15', 'OldSix', 'phycsjay', 'ThadeuLuz', 'ethanxsun', 'sobrave', 'jesnssmith', 'Jevby', 'meizeidexzh', 'ViolinLee']","['mitchellh', 'tianshuo', 'astaxie', 'cyfdecyf', 'felix021', 'yinwang0', 'hepochen', 'mixu', 'seripap', 'JuanitoFatas']"
64,pedropb,udacity,machine-learning,Pedro Baracho,User,,"Victoria, Canada",,2015-10-22T20:01:29Z,2020-11-09T20:45:51Z,"['messivanio', 'jubasinox', 'igorshiohara', 'Loiroj']","['sirupsen', 'jpetazzo', 'BretFisher', 'gaearon', 'byjg', 'kelseyhightower', 'messivanio', 'a11n', 'jubasinox', 'igorshiohara', 'felipeemsabino']"
65,pmukerji,udacity,machine-learning,Pratik Mukerji,User,ElectricFeel,"Zurich, Switzerland",,2010-11-25T03:32:00Z,2020-09-24T15:40:08Z,"['fphilipe', '256dpi', 'Marco-Santoni', 'huerlisi', 'toxtli', 'MWSchmid', 'mukeshchdy', 'tezcatlipoca']","['jackdempsey', 'fnando', 'senny', 'effkay', 'aprilzero', 'fphilipe', 'eomahony', '256dpi', 'lucianof', 'aoyoqui', 'georgismitev', 'tezcatlipoca', 'kevinushey', 'mmeenen', 'markwmuller', 'Marco-Santoni', 'puneet24']"
66,rigved,udacity,machine-learning,Rigved,User,RIT,"Mumbai, India",,2014-03-13T20:46:12Z,2020-11-02T16:44:40Z,"['cusspvz', 'di3goleite', 'technologiclee', 'KarthikNayak', 'abhijitnavale', 'mohitmirajkar', 'mvpcom', 'swarnenduhalder20', 'kawedi', 'AndreyRisukhin']","['joelrosario', 'botsie', 'abhijitnavale', 'dushyy', 'abhi11', 'lrsaigopal', 'pramodhkp', 'clusterfudge', 'neeharv', 'KarthikNayak', 'Somsubhra', 'mayuroks', 'mvpcom', 'ray13z', 'syamgk', 'oswalpalash', 'Darshana14', 'HeidiSeibold', 'kawedi', 'DomenicCacace', 'DMC1542']"
67,AdityaSoni19031997,ZuzooVn,machine-learning-for-software-engineers,Aditya Soni,User,,"Bangalore, India","An Enthusiast Learner and Pythonic...
(@ecdrid)",2016-10-10T05:33:27Z,2020-11-03T03:21:31Z,"['Krashcan', 'anisharya16', 'vinitraj10', 'sidhant55', 'vredlight', 'shubhambhattar', 'ashunigion', 'davidvela', 'prajwalsh3tty', 'oni96', 'saldanac', 'sydneyhen', 'timetam1', 'MaryamAustralia', 'Shivercao', 'FatamaBe', 'buddy0', 'SRvSaha', 'init27', 'lokeshsoni', 'hvictor', 'iosnewbie2016', 'prince-pratik7', 'vishalsingh1080', 'Pratipkhandelwal', 'billy-odera', 'cgangwar11', 'SThornewillvE', 'SharmaNatasha', 'mratsim']","['nedbat', 'Smerity', 'cedrickchee', 'karpathy', 'julien-c', 'fool2fish', 'dennybritz', 'lopuhin', 'amueller', 'dhgarrette', 'jakevdp', 'clmnt', 'eyadsibai', 'torvalds', 'albu', 'abhishekkrthakur', 'soumith', 'pudae', 'asanakoy', 'authman', 'handong1587', 'radekosmulski', 'tqchen', 'aurelienpierre', 'mpekalski', 'vi3k6i5', 'daxiongshu', 'Yorko', 'EKami', 'shivam5992']"
68,Microsheep,ZuzooVn,machine-learning-for-software-engineers,Michael Hsieh,User,National Chiao Tung University,Taiwan,Linkedin: twmicrosheep,2014-11-04T11:09:12Z,2020-11-07T01:54:22Z,"['Tocknicsu', 'easydaniel', 'fishballLin', 'yuwen41200', 'hankhplee', 'tsaohucn', 'a2975667', 'soniccol', 'ouwayne', 'cusspvz', 'tnlin', 'angusshire', 'hungys', 'Billy4195', 'lichin-lin', 'Daichou', 'fuyu0425', 'theblackcat102', 'CaeserNieh', 'yhchen0906', 'Kirsten-Tsai', 'calee0219', 'kevinptt0323', 'kevchentw', 'tyhsu', 'w95wayne10', 'poopoomarvin', 'dutn158', 'M157q', 'jackyliuxx']","['lucidrains', 'chusiang', 'jserv', 'yk', 'llSourcell', 'heronyang', 'wdv4758h', 'hungys', 'kevinptt0323', 'tnlin', 'kevin-dong-nai-jia', 'lnishan', 'yuwen41200', 'Tocknicsu', 'kevchentw', 'allenwhale', 'TibaChang', 'yhchen0906', 'dennisieur', 'jackyliuxx', 'easydaniel', 'lichin-lin', 'toosyou', 'fishballLin', 'kirintwn', 'nctu-me', 'hankhplee', 'Billy4195', 'theblackcat102', 'Kirsten-Tsai']"
69,Mostafa-Samir,ZuzooVn,machine-learning-for-software-engineers,Mostafa Samir,User,@mawdoo3 ,Egypt,Lead of Machine Learning Research and Engineering,2013-08-11T20:20:47Z,2020-11-11T12:09:27Z,"['Ragabov', 'i-amin', 'dimohamdy', 'MoatazMOOC', 'gkobilansky', 'Mushiwulf', 'shizonic', 'mathew3', 'ToanPV90', 'sevenofficial', 'Spartano', 'mil52603', 'raviteja1452', 'anoopmundathan', 'Nydhal', 'lzjqsdd', 'ZejiaZheng', 'fly51fly', 'Kaixhin', 'yanji84', 'jiegzhan', 'conicRelief', 'shatu', 'tokestermw', 'lisong', 'vyraun', 'thecerial', 'Pabu01', 'hogehogeworld', 'suryasumukh']",[]
70,NeroCube,ZuzooVn,machine-learning-for-software-engineers,Nero,User,Mediatek,"Hsinchu, Taiwan",,2014-08-01T14:50:46Z,2020-11-08T14:17:18Z,"['lzfwan150789', 'AdiChat', 'KevinHock', 'nelsonic', 'pengliheng', 'cettoana', 'AllenFang', 'kevin11h', 'IvanChan0928', 'joejoejoe60507', 'markl-a', 'LendisFabri', 'goodjack', '1lk', 'Sophie-Williams', 'jameschou', 'vikfret', 'cloudingcity', 'a90100', 'GGJason', 'batermj', 'nekowarabe', 'ArefMq', 'e96031413', 'whitglint', 'RustyBalboadev', 'RoyWangInAISC', 'thisray', 'shihsyun', 'eric-oiler-54']","['alex', 'bradfitz', 'ihower', 'davecheney', 'araddon', 'mitsuhiko', 'appleboy', 'nedbat', 'jtauber', 'tj', 'avelino', 'colah', 'jnothman', 'mathiasbynens', 'hSATAC', 'doggy8088', 'rsc', 'kennethreitz42', 'spf13', 'ellisonleao', 'yongjhih', 'astaxie', 'ChALkeR', 'JacksonTian', 'jph00', 'goodfeli', 'dennybritz', 'perone', 'jserv', 'MylesBorins']"
71,Pirikara,ZuzooVn,machine-learning-for-software-engineers,Rafaeł,User,,Sophia Antipolis,"If any other Android developer wannabe wants to connect, this is my Discord Tag Rafaeł#0001",2017-10-10T06:55:37Z,2020-11-02T16:28:01Z,[],"['pragdave', 'JakeWharton', 'marcosholgado', 'marcoscgdev']"
72,SentinelWarren,ZuzooVn,machine-learning-for-software-engineers,Warren A. Kalolo,User,,"Dar Es Salaam,Tanzania","
    Very annoying to humans but cheerful and awesome to the terminals :)
",2015-05-29T08:05:27Z,2020-11-02T15:43:43Z,"['lucifer1712', 'KevinHock', 'opengineer', 'archB0T', 'soyjhonavila', 'pengliheng', 'Yawapi', 'JacqueK', 'kimambo-jr', 'mtangoo', 'bo-re', 'LujiAnna', 'tekoden', 'gxvr', 'Kalebu']","['samaaron', 'mjpieters', 'geohot', 'sindresorhus', 'mattbierner', 'daneden', 'yyx990803', 'gdbinit', 'fanquake', 'mtangoo', 'samratashok', 'imaculate', 'cartr', 'Sentdex', 'dylanaraps', 'gxvr', 'x0rz', 'misterch0c', '3b1b', 'Hopson97', 'carykh', 'DevonCrawford', 'developedbyed', 'gleruth', 'telesoul', 'Code-Bullet']"
73,SusieXu,ZuzooVn,machine-learning-for-software-engineers,SusiePanda,User,Nordstrom,Seattle WA,"Data Analyst @ Nordstrom
Seattle WA",2016-05-24T04:57:15Z,2020-09-07T21:54:23Z,"['ella199161', 'BryanBo-Cao', 'AnnieYingQian', 'MuMu1018', 'PursueHappinessDirectly', 'Yawapi', 'ethan160']","['CodeMySky', 'UncleBarney', 'zhaoboli']"
74,acastrounis,ZuzooVn,machine-learning-for-software-engineers,Alex Castrounis,User,InnoArchiTech,,AI Author and InnoArchiTech Founder | youtube.com/AIwithAlexCastrounis | http://innoarchitech.com/newsletter,2013-06-24T16:06:15Z,2020-11-06T17:20:47Z,"['virtuasamurai', 'kostasx', 'TechMax331', 'hengkiardo', 'angusshire', 'cusspvz', 'nicksp', 'technologiclee', 'evinw', 'modafalla', 'albertoog', 'fly51fly', 'sirlancer', 'drstatsvenu', 'akashtalole', 'cyang019', 'alejandrobelleza', 'aelsaka', 'davidstutz', 'alfredoe12', 'salisuborodo', 'johnzimmerman', 'shahshrey93', 'nehakadam', 'BlancosWay', 'cassiomo', 'smrjan', 'AlphaExplorer', 'romikukreja', 'milindmalshe']","['jeresig', 'hadley', 'isaacs', 'bterlson', 'rauchg', 'codepo8', 'tj', 'rwaldron', 'ericf', 'nzakas', 'paulirish', 'arv', 'darkwing', 'garrettgman', 'creationix', 'mrdoob', 'slightlyoff', 'rdworth', 'addyosmani', 'yihui', 'fat', 'douglascrockford', 'dherman', 'BrendanEich', 'michalbe', 'allenwb', 'domenic', 'joezimjs']"
75,andresgottlieb,ZuzooVn,machine-learning-for-software-engineers,Andrés Gottlieb,User,NoiseGrasp,"Santiago, Chile",Ordinary mammal,2011-10-13T21:08:56Z,2020-10-19T21:16:41Z,"['joventuraz', 'kemeny', 'atakant', 'PivotLogix', 'mikermcneil', 'agustinf', 'blackjid', 'hvergara', 'tomas', 'estebanzeus', 'mxbelemmi', 'oscarcornejo', 'MatiasZayas', 'galaris', 'michelson', 'JasonErnest', 'cusspvz', 'mikegwhit', 'angusshire', 'sergiudamian', 'nubo2015', 'soyelmnd', 'DevFrye', 'maesitos', 'goodtimeclub', 'fulgorek', 'Linux-Player', 'TianJiaDaShao', 'fijimunkii', 'aatibudhi']","['mojombo', 'ry', 'mikeal', 'caolan', 'isaacs', 'tomas', 'michelson', 'coto', 'killfill', 'lvm', 'pkrumins', 'tangzero', 'mdo', 'addyosmani', 'cvander', 'qknight', 'gertfindel', 'hvergara', 'nicolaskruchten', 'blackjid', 'mbostock', 'agustinf', 'alej0varas', 'gwern', 'juanbrujo', 'tado', 'dperezrada', 'acidhax', 'carloselias', 'JMPerez']"
76,benedekrozemberczki,ZuzooVn,machine-learning-for-software-engineers,Benedek Rozemberczki,User,,Edinburgh,"
    PhD candidate at The University of Edinburgh  @cdt-data-science working on machine learning and data mining related to graph structured data.
",2016-02-21T12:10:39Z,2020-10-28T00:08:59Z,"['bbaattaahh', 'korenmiklos', 'puhazoli', 'mayank5695', 'yashk2810', 'saiviki', 'sunil1066', 'faizankshaikh', 'santiagomota', 'nitishiitkgp', 'barnadnl', 'gaurav67890', 'Gogula', 'albertbuchard', 'VishalSharmaDataScience', 'rossdrew', 'deepuouce', 'anhnguyendepocen', 'akshaykarangale', 'karimserkhane', 'conormdurkan', 'maniyar2jaimin', 'kubikb', 'abhijeet0910', 'MLDroid', 'laurazh', 'freuk', 'Bonzepiss', 'multiversetheorie', 'yijizhao']","['mnick', 'blais', 'arturbekasov', 'chihming', 'leotrs', 'gngdb', 'korenmiklos', 'nataliazon', 'aldum', 'paulmorio', 'JamesOwers', 'wenkokke', 'ibalazevic', 'MLDroid', 'Jmallins', 'peterzsohar', 'xgfs', 'rusty1s', 'donnate', 'gpapamak', 'MichSchli', 'ida-szubert', 'conormdurkan', '0xSameer', 'sfme', 'kubikb', 'LudovicaLV', 'edfincham', 'vermaMachineLearning', 'AsaCooperStickland']"
77,dangsonbk,ZuzooVn,machine-learning-for-software-engineers,sonnd,User,LG Electronics VietNam,Hanoi,"Don't follow me.
I'm lost too.",2014-03-17T08:06:28Z,2020-11-03T15:24:13Z,"['cusspvz', 'xuantrubk', 'vinhch', 'KevinHock', 'skylei', 'mstraughan86', 'opengineer', 'quangvinh86', 'pengliheng', 'Yawapi', 'anhvanthe', 'keitetran', 'atashfeshan', 'scarlett-ohara91', 'huenguyen111', 'huynq2007', 'Stella-Nguyen', 'jucnibie', 'jdetle', 'MinhNgx', 'esin', 'MdRashid62', 'CharlesCreativeContent']","['cndreisbach', 'youknowone', 'gskinner', 'vas3k', 'raphlinus', 'nical', 'clemahieu', 'ziutek', 'pjreddie', 'gorhill', 'huytd', 'TheJJ', 'ColinEberhardt', 'eliben', 'ashleygwilliams', 'ZuzooVn', 'jessfraz', 'victordibia', 'DonJayamanne', 'tiepvupsu', 'vbuterin', 'phonglk', 'cusspvz', 'anhdowastaken', 'franc0is', 'cardinot', 'kamranahmedse', 'linhSUTD', 'donnemartin', 'rasbt']"
78,doppenhe,ZuzooVn,machine-learning-for-software-engineers,Diego Oppenheimer,User,Algorithmia,"Seattle,WA",,2012-08-17T02:03:21Z,2020-10-13T22:23:07Z,"['charleslavon', 'platypii', 'JulieArroyo', 'sh4ka', 'abe238', 'chetangosai', 'algebraic-brain', 'bassdread', 'AKSHAYUBHAT', 'inspire99', 'diegomaye', 'dutn158', 'drastorguev', 'BasilArackal', 'Micseb', 'Yawapi']","['fishcakes', 'anowell', 'lizrush']"
79,giuliatondin,ZuzooVn,machine-learning-for-software-engineers,Giulia Tondin,User,Universidade Federal do Rio Grande,"Rio Grande do Sul, Brasil",Front-end developer & general maker of things.,2016-10-23T14:59:20Z,2020-11-03T19:28:04Z,"['Yawapi', 'DiegoBastosCosta', 'mateusschoffen', 'ViniciusUcello', 'dranaju']","['DiegoBastosCosta', 'dranaju', 'ViniciusUcello']"
80,harshavamsi,ZuzooVn,machine-learning-for-software-engineers,Vamsi,User,,,,2015-01-02T06:32:24Z,2020-09-28T04:29:20Z,"['shastri17', 'kiranprasad', 'rheaditi', 'cyberbeast', 'abinavseelan', 'gunjan01', 'Abhinav04', 'Mayur-b', 'arjunmahishi', 'AnkitKSinha', 'AjayZinngg', 'DipuDipanshu', 'VotrASCII', 'CadenJiang', 'Somya-Bansal', 'polshikovrm', 'edsna', 'Aravind1998', 'Atishey', 'mstraughan86', 'vkandola', 'chehaknayar', 'jerrytheo', 'akshattrivedi', 'avinashhsingh', 'Siddanth-pai', 'sushant76', 'SiddAjriY2Jaccount', 'rfthusn', 'pavank830']","['mojombo', 'mitsuhiko', 'amjd', 'abinavseelan', 'Somya-Bansal']"
81,init27,ZuzooVn,machine-learning-for-software-engineers,Sanyam Bhutani,User,@h2oai ,Chennai,ML Engineer and AI Content Creator at H2O.ai | Chai Time Data Science Podcast Host | Kaggle Noob,2015-12-09T14:44:20Z,2020-11-04T02:21:16Z,"['nitish0704', 'shyam-98', 'init927', 'AndiChiou', 'gofornaman', 'lgvaz', 'dalmia', 'alankongfq', 'qzyu999', 'xitizmandal', 'AdityaSoni19031997', 'IanBoyanZhang', 'tanay012', 'Sushil-Thapa', 'papajijaat', 'vishalsingh1080', 'gradpratik', 'sriramjaju', 'A-Jatin', 'arkochatterjee', 'rohanbanerjee', 'shamar1234', 'xianbin7', 'mratsim', 'Hak333m', 'JiteshJitz', 'Niranjankumar-c', 'vvanarasi', 'Kazimbalti', 'prateekralhan']","['ageron', 'jantic', 'radekosmulski', 'mpekalski', 'jeongyoonlee', 'EKami', 'eherrerosj', 'mxbi', 'dimadamen', 'ppleskov', 'stas00', 'lattner', 'jorellano', 'rsomani95', 'davidcpage', 'pnvijay', 'AdityaSoni19031997', 'mratsim', 'shaz13', 'apolitano20', 'sdoria']"
82,ipcenas,ZuzooVn,machine-learning-for-software-engineers,,User,,,,2019-02-10T18:01:11Z,2020-11-05T20:40:13Z,['superppp'],[]
83,izzy-tait,ZuzooVn,machine-learning-for-software-engineers,,User,,,,2018-09-13T22:40:30Z,2020-11-06T02:02:29Z,['JonJimenez'],"['JonJimenez', 'brentwerne']"
84,joaopedronardari,ZuzooVn,machine-learning-for-software-engineers,João Pedro Nardari dos Santos,User,EPM-UNIFESP & University of São Paulo,São Paulo,"Medical Student, Software Engineer and UX Developer",2013-05-16T02:21:28Z,2020-06-05T08:11:38Z,"['AdrianoASOB', 'FernandaBernardo', 'emanoelopes', 'Deryllson', 'angusshire', 'vlordier', 'ubiratansoares', 'gabrielpconceicao', 'obedeugene', 'muziopiazza', 'fioalpha', 'aldodfm', 'lsrocha', 'marabesi', 'cusspvz', 'art-carnieto', 'KhalilZaidoun', 'alicaglayan', 'MichalPaszkiewicz', 'ympadilha', 'tvvocold', 'miladr0', 'VagrantStory', 'silviomoreto', 'mspavanelli', 'giovanisleite', 'mjnr', 'bvs90', 'JeorgeMatt', 'IanBoyanZhang']","['akitaonrails', 'wilerson', 'mickele', 'felipero', 'xymor', 'lfcipriani', 'skhaz', 'lucastex', 'JakeWharton', 'andrecarlucci', 'juanplopes', 'sergiolopes', 'liquuid', 'ElemarJR', 'rapocalypse', 'douglasdrumz', 'dvinciguerra', 'pedrofranceschi', 'eduardomartines', 'thiagofm', 'paulofernandesjr', 'luizclaudiomoreira', 'jgabriellima', 'atoji', 'felipecsl', 'kwk', 'fegabe', 'fgil', 'luciofm', 'MayogaX']"
85,justmarkham,ZuzooVn,machine-learning-for-software-engineers,Kevin Markham,User,Data School,"Asheville, NC, USA",Founder of Data School,2014-01-26T22:29:01Z,2020-10-30T22:15:48Z,"['fghjorth', 'apeterson91', 'elongreach', 'ajschumacher', 'datahacks', 'KanduriR', 'pramodh-bn', 'colsie', 'Hongyang-Jia', 'bobuva', '4oh4ed', 'anupamaangadi', 'DaBhai13', 'elmerehbi', 'DreamDeLaMattel', 'jroberayalas', 'DoloresP', 'jmhome', 'Dinushika', 'kurt1984', 'll0816', 'Huni117', 'maheral0', 'jiantinker', 'iweey', 'victoriahubertz', 'csimokat', 'Fredus14', 'sbwest', 'fbchow']",[]
86,jwasham,ZuzooVn,machine-learning-for-software-engineers,John Washam,User,,United States,Software Development Engineer at Amazon,2013-03-05T03:55:46Z,2020-04-22T15:55:48Z,"['kevintvh', 'jamesbyars', 'fdescamps', 'semuel24', 'sharath34', 'lilitZak', 'prab2112', 'gupta-komal', 'nikitavoloboev', 'leomindez', 'AniketBajpai', 'mohsin111', 'SkyTreasure', 'ddakesto', 'iamdkgfi', 'brauliomendezj', 'ghishadow', 'wozgeass', 'mihirchronicles', 'Frank-Xie', 'albertogiunta', 'laureategrp', 'khosravipasha', 'harveytoro', 'himanshukandwal', 'Duncankinyua', 'anoopmundathan', 'EMG114', 'spencerjyoung', 'vitorscassiano']","['mefellows', 'humbleice', 'msambol', 'mission-peace', 'Carmezim', 'random-forests']"
87,lefnire,ZuzooVn,machine-learning-for-software-engineers,Tyler Renelle,User,OCDevel LLC,"Portland, OR","ML engineer in NLP, CV, time series, and RL. Full-stack JS, 12 years web & mobile. Tech: TensorFlow + Keras, SciPy, React, Postgres. ",2010-02-03T07:37:24Z,2020-11-06T21:33:01Z,"['ceardach', 'mmueller', 'dancrew32', 'eby', 'ejk', 'wizonesolutions', 'zolrath', 'fletterd', '1N50MN14', 'Miserlou', 'markstinson', 'CinderHub', 'MacRusher', 'shwang', 'tenkabuto', 'cristianj26', 'maikoliv', 'danpeg', 'irnc', 'Ibuprofen', 'cykod', 'mephju', 'jboulhous', 'Sharondio', 'quangv', 'switz', 'jchubber', 'jonathanmarvens', 'oluoluoxenfree', 'coolandsmartrr']","['wycats', 'bnoguchi', 'cgardner', 'josephg', 'dancrew32', 'cykod', 'mryellow', 'Charuru', 'nateps', 'SLaks', 'ccoenraets', 'ile', 'zolrath', 'edencomputing', 'irnc', 'xaka', 'niftylettuce', 'paglias', 'jasonmanners', 'Gunio', 'switz', 'cjblomqvist', 'jmdobry', 'toebu', 'IvanGaravito', '1N50MN14', 'StanLindsey', 'willex', 'trickmeyer']"
88,lsvih,ZuzooVn,machine-learning-for-software-engineers,,User,University of the Chinese Academy of Sciences,"Beijing, China",NLP & Cyber Security. Musicophile at CAS.,2013-08-05T08:05:27Z,2020-11-08T06:58:55Z,"['qiuyi116', 'shuxiaobo', 'jinCN', 'ChiaoGeek', 'Vermisse', 'lonelythinker', 'mayanxiao', 'seletin', 'yqm0nk3y', 'hepingtao', 'xunge0613', 'yuzewang', 'bluenoah1991', 'forthing', 'aladdin-add', 'gavin971', 'fredany', 'mstraughan86', 'annyMario', 'cenaion', 'yizhifengye', 'sprite311', 'Raoul1996', 'weisiwu', 'wettper', 'boxvc', 'Yangzz157', 'Ordgod', 'kevingo', 'JohnJiangLA']","['fly51fly', 'zhangriyueming', 'zibuyu', 'flrngel', 'jinCN', 'lonelythinker', 'JalanJiang', 'mingjiameng', 'haiker2011', 'ChiaoGeek', 'sty945', 'KhalilMrini', 'KaimingHe', 'shuxiaobo', 'yubowen-ph', 'Huxhh', 'hunterMG', 'Luolc', 'huntercmd', 'zxystd', 'yesxiaoyu', 'llcing', 'watersink', 'fengbeibei', 'ShinTsong', 'annyMario', 'jadbin', 'mayanxiao', 'EricZs1995', 'zzysay']"
89,nvh95,ZuzooVn,machine-learning-for-software-engineers,Hung Viet Nguyen,User,"Got It, Inc",,,2014-08-31T04:13:27Z,2020-11-11T04:07:58Z,"['AdiChat', 'opengineer', 'hoangtamuet', 'vtproduction', 'tunght91', 'Yawapi', 'ndinhtuan', 'namdaoduy', 'iamquang95']",['dmalan']
90,rajeshvaya,ZuzooVn,machine-learning-for-software-engineers,Rajesh Vaya,User,Meexture,Dubai,Code. Music. Coffee.,2011-10-08T19:38:23Z,2020-11-10T06:31:37Z,"['theunexpected1', 'joshuand1990', 'Gerst20051', 'cusspvz', 'angusshire', 'CaptainYouz', 'bhavin0070', 'ATouhou', 'dalinhuang99', 'Yawapi', 'Chandni97', 'randomandy']","['addyosmani', 'torvalds']"
91,rmarquis,ZuzooVn,machine-learning-for-software-engineers,Remy Marquis,User,,,"A Machine Learning, Data Science and Chinese language enthusiast. Python, Kotlin, C.",2009-12-05T00:15:30Z,2020-10-30T11:22:20Z,"['csjaba', 'roadt', 'prodigeni', 'avelino', 'clarkdemvher', 'borisjoffe', 'mikegwhit', 'Mateos81', 'technologiclee', 'samtron1412', 'enceladus3', 'wagaaa', 'fmacias64', 'prj126', 'nazifberat', 'donizyo', 'polyzen', 'mikitakahazekura', 'gavinlyonsrepo', 'timosmit', 'xmey95', 'akbarboghani', 'Foxboron', 'giuscri', 'Chinggis6', 'pmonk3y', 'KevinHock', 'JamesLinus', 'ypersyntelykos', 'mstraughan86']","['pasky', 'benanne', 'noahgift', 'holdenk', 'colah', 'ageron', 'technologiclee', 'vahidk', 'dae', 'lmthang', 'unixpickle', 'amueller', 'lexfridman', 'Yangqing', 'p-i-', 'borisdayma', 'rhofour', 'CamDavidsonPilon', 'hunkim', 'leezu', 'chihming', 'affige', 'marguerite', 'hexiangnan', 'yifeif', 'ykang', 'r9y9', 'llSourcell', 'joelgrus', 'evhub']"
92,thiagobrandam,ZuzooVn,machine-learning-for-software-engineers,Thiago Brandão Damasceno,User,Classpert,"São Paulo, Brasil",Founder @ Classpert,2010-02-02T11:28:36Z,2020-10-27T22:22:58Z,"['agaelebe', 'clauda', 'thimico', 'aissarmurad', 'bcalmeida', 'emersonjsouza', 'KevinHock', 'gtcdevop', 'onlurking', 'plcosta', 'alempedroso', 'Dmitriy-Vas', 'redealumni', 'luigiquero', 'Noah670']","['delano', 'mperham', 'mattt', 'caike', 'patrickespake', '0xced', 'homakov', 'eduardordm', 'samsondav', 'elliotec']"
93,tuanphuc,ZuzooVn,machine-learning-for-software-engineers,Tuan-Phuc Phan,User,,,,2016-04-30T09:18:44Z,2020-10-26T08:12:52Z,"['nghuyy', 'suixin777', 'Yawapi', 'daiduongnguyen', 'riponkhan998877', 'bigillu', 'krunal3kapadiya', 'Lelfy']","['tzlaine', 'atomgalaxy', 'mjcaisse', 'karpathy', 'lemire', 'dennybritz', 'redxdev', 'ldionne', 'Quuxplusone', 'griwes', 'SuperV1234', 'siemanko', 'elbeno', 'hsutter', '1adrianb', 'grigorisg9gr', 'alexminnaar', 'jwasham', 'StephanTLavavej', 'claremacrae', 'patrikhuber', 'hanickadot', 'foonathan', 'YadiraF', 'mattcalabrese', 'stackos', 'bigillu']"
94,wendingp,ZuzooVn,machine-learning-for-software-engineers,pj,User,,,"BUAA->UCSD, intern @vmware, ex-intern @microsoft, @face++",2016-02-04T02:25:08Z,2020-11-01T02:32:11Z,"['BloodyFlippa', 'divyanshu-rawat', 'Alexader', 'KevinHock', 'Franzory', 'codecsrayo', 'jake100', 'dalinhuang99', 'pentium3', 'dplewis', 'xiaoweiruby', 'Ella520', 'XizheSun0914', 'nelsonic', 'Dylan-GAO', 'pengliheng', 'Yawapi', 'xuay0805', 'Ronhy0', 'koibiki', 'SissiFeng', 'StephenZhang', 'KevinXie0131', 'Cyber0o', 'laylalaisy', 'liubindashuai222', 'yqmmm', 'ilyaraz', 'rengetsu', 'cesar-commit']","['ry', 'bradfitz', 'colah', 'Mononofu', 'joschu', 'yihui', 'gdb', 'karpathy', 'shaneshixiang', 'jph00', 'dennybritz', 'MaskRay', 'mli', 'michaelliao', 'ilyaraz', 'Yangqing', 'pochmann', 'bamos', 'apavlo', 'torvalds', 'eliben', 'cbfinn', 'vitchyr', 'ppwwyyxx', 'andyzeng', 'zygmuntz', 'jcjohnson', 'songhan', 'carpedm20', 'jwasham']"
95,woliveiras,ZuzooVn,machine-learning-for-software-engineers,William Oliveira,User,@tecnogueto,,Software Painter |  UI Engineer | Front End Software Engineer | Inclusão social através do ensino de programação e front-end,2013-04-24T09:14:33Z,2020-11-10T23:32:03Z,"['chetanspeed511987', 'GuilhermeOmetto', 'cvalentefilho', 'CarolineAlves', 'andersoonweb', 'AdrianoBiolchi', 'rafaeljesus', 'gpedro', 'cleisoncarlos', 'filipedeschamps', 'gabrielpconceicao', 'felipecodes', 'augustoabreu', 'danvitoriano', 'felipeuliana', 'alextavella', 'mateussmedeiros', 'lincolnbrito', 'guilouro', 'akfzambrana', 'teles', 'diegosorrilha', 'darlanmendonca', 'cassioscabral', 'lvendrame', 'vagner107', 'dhelbegor', 'raank', 'willycornelissen', 'angusshire']","['wycats', 'hcatlin', 'robbyrussell', 'tpope', 'jezdez', 'jeresig', 'badboy', 'akitaonrails', 'fnando', 'tapajos', 'djalmaaraujo', 'tdd', 'tmadeira', 'jashkenas', 'thelinuxlich', 'caolan', 'azambuja', 'benjamn', 'thehack', 'marcio', 'mitsuhiko', 'isaacs', 'bterlson', 'henriquebastos', 'substack', 'cpojer', 'tomocchino', 'PotHix', 'shepazu', 'jonatas']"
96,AlexanderKunkel,rasbt,python-machine-learning-book,Alexander Kunkel,User,Bosch Rexroth AG,"Lohr am Main, Bayern",Interested in Data Science and new technologies.,2017-07-29T10:17:17Z,2020-04-11T19:16:57Z,['TinoInderwies'],['rasbt']
97,Bachmann1234,rasbt,python-machine-learning-book,Matt Bachmann,User,Lola.com,"Medford, MA",,2012-03-09T18:57:45Z,2020-11-09T21:54:04Z,"['rodya-mirov', 'jstnlef', 'dibaunaumh', 'Daniel-Warner-X', 'Sadmatt', 'clyver', 'rafi', 'drio', 'gabrielpconceicao', 'makmanalp', 'singingwolfboy', 'llllllllll', 'nikolas', 'amitverma12', 'doctaphred', 'Kpescosolido', 'blakfeld', 'roll', 'gowda', 'BebeSparkelSparkel', 'pgericson', 'israelsantiago', '4bic', 'aniketmaithani', 'jm2242', 'mucbuc', 'skidzo', 'nandavelugoti', 'ps-kelly', 'RobBednark']","['dgrijalva', 'tdavis', 'garybernhardt', 'bmac', 'eevee', 'singingwolfboy', 'bitle', 'jhaber', 'jvns', 'kelseyq', 'jasonboggess', 'cidneyhamilton', 'jstnlef', 'ryan-s', 'rhettinger', 'rodya-mirov', 'tcmRyan', 'wedaly', 'catherine', 'clyver', 'citizenken', 'johndeyrup', 'PresidentObamaBot', 'collinmmckinney', 'jaemk', 'katierpaugh', 'yuhill', 'cyan-lola', 'historicalsource', 'djeff0011']"
98,MTietze,rasbt,python-machine-learning-book,Maxwell Tietze,User,@15five ,Florida,,2013-02-06T21:12:22Z,2020-10-21T22:40:23Z,"['oss3', 'sdeluc1', 'noahlitvin']",['noahlitvin']
99,Naereen,rasbt,python-machine-learning-book,Lilian Besson,User,École Normale Supérieure de Rennes (ENS Rennes),"Rennes, France","Passionnate coder on GitHub & Bitbucket! Python fan!
Junior professor in Computer Science and Mathematics at ENS de Rennes, Ph.D from CentraleSupélec (2016-19)",2015-04-17T13:27:14Z,2020-11-10T13:11:02Z,"['angusshire', 'Beto1115', 'GuillaumeSalha', 'thomasmesnard', 'mmcdaris', 'fly51fly', 'MichalPaszkiewicz', 'Linux-Player', 'joshuanasiatka', 'jiteshpabla', 'Rachine', 'Dinh-Hung-Tu', 'ThibaultGROUEIX', 'samir-', 'quentinbodinier', 'AndrewMoney', 'v9n', 'danilo-augusto', 'MyNameIsCosmo', 'awaSwasA', 'heydhal', 'rishab-pdx', 'jason790', 'Caselles', 'KevinHock', 'dalinhuang99', 'TheSirC', 'jits', 'JeffreyCA', 'opengineer']","['mreid', 'jgm', 'hadley', 'lebigot', 'mitsuhiko', 'kaepora', 'maelp', 'ot', 'daureg', 'matpalm', 'johnmyleswhite', 'nedbat', 'ericholscher', 'temporaer', 'kjellmf', 'willf', 'paulirish', 'bfirsh', 'wbond', 'dhellmann', 'kamalmarhubi', 'mnielsen', 'cormullion', 'brettcannon', 'dnouri', 'chadaustin', 'bzg', 'beefoo', 'amiller', 'jrus']"
100,NeerajSarwan,rasbt,python-machine-learning-book,Neeraj Singh Sarwan,User,Fractal Analytics,Bangalore,"Data Science enthusiast, trying to be better at statistics.",2015-03-26T23:27:17Z,2020-11-06T08:16:49Z,"['dysdsyd', 'husinul', 'tantrev', 'shubhamjn1', 'chetankshetty', 'Shubh26', 'Sandy4321', 'ejokeeffe', 'yxnchen', 'dangling-ptr', 'markrex13', 'cyonghui81', 'Nishant-Chhetri', 'dineshsonachalam', 'coolsnake', 'karmanandan', 'aditya-malte', 'seeker1943', 'Kiris-tingna', 'athiselvam', 'lmachani', 'ChakramCPP', 'vanangamudi', 'sudevansujit', 'vazhameladze', 'creationexus', 'anurag22284', 'bang95838', 'sudhir-acharya', 'Sanyam07']","['caged', 'hadley', 'rdpeng', 'hmason', 'johnmyleswhite', 'jasondavies', 'davies', 'mnielsen', 'datawrangling', 'jaceklaskowski', 'ogrisel', 'harthur', 'mikedewar', 'StefanKarpinski', 'GaelVaroquaux', 'mbostock', 'mblondel', 'karpathy', 'wesm', 'jph00', 'amueller', 'benhamner', 'prakhar1989', 'twiecki', 'jakevdp', 'jvns', 'CamDavidsonPilon', 'owenzhang', 'jtleek', 'rhiever']"
101,SumitBando,rasbt,python-machine-learning-book,Sumit Bando,User,,,,2010-04-20T22:39:29Z,2020-11-10T14:03:03Z,['KevinHock'],[]
102,emptyr1,rasbt,python-machine-learning-book,Mudit,User,,United States,Data Science Engineer,2012-09-13T17:11:57Z,2020-09-14T19:05:04Z,"['renderit', 'eistrati', 'Yanina123', 'balexander123', 'kirankn', 'mahmoudparsian', 'aymohamed', 'caroljmcdonald', 'gcaur', 'Vfisa', 'rombob', 'KevinHock', 'tncyysl', 'opengineer', 'AndiChiou', 'lamvuvan', 'ggollajava', 'pengliheng', 'mbautin', 'senthil090', 'hwiorn', 'kitlomer', 'surya-thakur15', 'MantieReid']","['ask', 'holman', 'subblue', 'isaacs', 'filip', 'jallum', 'notlion', 'jessefulton', 'davies', 'benanne', 'ewencp', 'deanm', 'migurski', 'fjenett', 'codeanticode', 'jamesward', 'brysonian', 'toddwschneider', 'sosedoff', 'sansumbrella', 'mdo', 'peterbourgon', 'topaz', 'ddf', 'NickHardeman', 'cinder', 'companje', 'kylemcdonald', 'sindresorhus', 'vorg']"
103,lxj616,rasbt,python-machine-learning-book,lxj616,User,wooyun,cn,"The more things change, the more they stay the same",2015-05-07T01:44:16Z,2020-11-09T09:56:51Z,"['woolabs', 'pekita1', 'lixiaoyan', '0xfcryowbk2ca65z', 'lxghost', 'zjicmDarkWing', 'alaughing', 'zoolsher', 'LJ001', 'Akityo', 'jax777', '0x584A', 'zhenruyan', 'ourren', 'youmuyou', 'Pen-testing', 'kkkying', 'yoCruzer', 'Ciyfly', 'veficos', 'stayliv3', 'nicedemo', 'Leakless', 'fanlinna', '0x554simon', 'meoww-bot', 'Insh3ll', 'coco413', 'b1ngz', 'S0cial']","['mikewei', 'alexjc', 'p2world', 'PhantomThief', 'junyanz', 'shengqi158', 'binkybear', 'byt3bl33d3r', 'piaca', 'sdc1992', 'bperez77', '0xr0ot', 'asLody', 'sco4x0', 'WooyunDota', 'b1ngz']"
104,nipunsadvilkar,rasbt,python-machine-learning-book,Nipun Sadvilkar,User,@EpisourceLLC,~,"I like to explore Jungle of Data with Python as my swiss knife with pandas, numpy, matplotlib and scikit-learn as its multi-tools😅",2015-10-10T09:42:28Z,2020-11-11T13:10:32Z,"['ttamayo', 'avengersassemble', 'shijithpk', 'dplewis', 'opengineer', 'ovebepari', 'batermj', 'bilha-analytics', 'kiranmscis', 'nelsonic', 'brijesh-upadhyay', 'rohit114', 'alxwrd', 'mahmoudparsian', 'HJ1nitj', 'realyashnag', 'nisargvp', 'rustyboi54', 'amit707', 'manjunath5496', 'Concert0', 'allen202020', 'rinaldo-rex', 'headsrooms', 'fly51fly', 'wycg1984', 'ArefMq', 'IAmNithi', 'aniruddhajd', 'rohitgr7']","['lukas', 'mitsuhiko', 'Franck-Dernoncourt', 'nedbat', 'cournape', 'mnielsen', 'colah', 'chriscoyier', 'ageron', 'fonnesbeck', 'ogrisel', 'justindujardin', 'echen', 'addyosmani', 'kennethreitz42', 'joschu', 'minrk', 'kuk', 'petewarden', 'brandon-rhodes', 'sindresorhus', 'wesbos', 'GaelVaroquaux', 'gdb', 'pgbovine', 'theskumar', 'karpathy', 'teoliphant', 'wesm', 'jph00']"
105,shashankgroovy,rasbt,python-machine-learning-book,Shashank Srivastav,User,@paperchain,,I like to learn languages both computer and human.,2011-08-15T20:17:37Z,2020-11-10T10:15:50Z,"['prakhar1989', 'Mehulagr', 'sourabhv', 'Puldata', 'Jacquelinerdg', 'dhruvdangi', 'gynix', 'vishivish18', 'angusshire', 'CyberV', 'paramsinghvc', 'Srijancse', 'bittin', 'MichalPaszkiewicz', 'maurycy', 'seanwiththewind', 'rahul-rkt', 'WillemJan', 'The-Gupta', 'dashswati', 'romaniax', 'ranjana1727', 'SourabhSaini', 'krodyx', 'sajalagrawal', 'mohammadkhalili', 'akhilputhiry', 'shad0wind', 'deepanshudm11', 'dalinhuang99']","['mojombo', 'schacon', 'tpope', 'darius', 'igrigorik', 'hemanth', 'tj', 'stammy', 'paulirish', 'JakeWharton', 'damz', 'andrew8088', 'kennethreitz42', 'feross', 'ryanseys', 'sindresorhus', 'waywardmonkeys', 'zsiciarz', 'typpo', 'spladug', 'yyx990803', 'armon', 'prakhar1989', 'gaearon', 'dgryski', 'torvalds', 'PritishC', 'jessfraz', 'vhf', 'sourabhv']"
106,sourcesoft,rasbt,python-machine-learning-book,Pouya Sanooei,User,,"Toronto, Canada",,2011-02-09T14:31:02Z,2020-10-19T14:40:17Z,"['cusspvz', 'angusshire', 'soyelmnd', 'alma4rebi', 'riyasmohamedmr', 'VagrantStory', 'evinw', 'Linux-Player', 'TianJiaDaShao', 'manu14889', 'vtorves', 'ghqc', 'dalinhuang99', 'dplewis', 'tncyysl', 'afshintalebi', 'schliffen', 'SenhorB', 'opengineer', 'parisash', 'kaue', 'Behrouzsf', 'MarkRecruteurMTL', 'Bunlong', 'it12bazpaj', 'jawad846', 'mbautin', 'Lelfy', 'erfaniranmehr', 'persianamir966']","['mojombo', 'defunkt', 'ezmobius', 'macournoyer', 'bmizerany', 'schacon', 'sam', 'ry', 'sr', 'sprsquish', 'tpope', 'progrium', 'pengwynn', 'mitchellh', 'mechfish', 'mmcgrana', 'adamstac', 'jgm', 'dbalmain', 'jashkenas', 'caolan', 'DAddYE', 'edspencer', 'davecheney', 'alexyoung', 'zpao', 'Jonesy', 'isaacs', 'deedubs', 'mattn']"
107,timmartin19,rasbt,python-machine-learning-book,Tim Martin,User,,"Cleveland, OH",Self-taught software engineer with a passion for building elegant solutions.,2014-06-12T15:47:42Z,2020-10-29T02:35:37Z,"['akatrevorjay', 'thebritican', 'pavlenko-volodymyr', 'kylebamos', 'AlexMaskovyak', 'cusspvz', 'angusshire', 'Mec-iS', 'johnpaulhayes', 'mcintyre321', 'ktadaline', 'dalinhuang99', 'rolandcross3', 'zbyufei', 'benjaminhallouin', 'pramser', 'dmgolembiowski', 'SethRzeszutek', 'jasperan', 'haxorjim', 'jtom343', 'DjangoAddict', 'lasellers']","['phalt', 'GrahamDumpleton', 'tomchristie', 'kelseyhightower', 'akatrevorjay', 'alsnkline', 'AlexMaskovyak', 'thebritican', 'kylebamos']"
108,Cugtyt,Jack-Cherish,Machine-Learning,Cugtyt,User,WHU,China,"MSFT Intern, https://cugtyt.github.io/",2016-01-10T10:14:06Z,2020-11-02T15:55:17Z,"['liwenkang', 'mstraughan86', 'ashuihui', 'SUMORAN', 'senzuo', 'opengineer', 'day-dreams', 'lucuspring', 'xiaoliang008', 'imshenzhuo', 'M000M', 'yquantao', 'lixiandea', 'dhyfy', 'cjhgo', 'GHGmc2', 'Ir1d', 'edidada', 'alexluoqk', 'heylypp', 'huaq-dd', 'chaojunke', 'AlexNmSED', 'wh50010', 'IvanaXu', 'yiran-THU', 'lf2593', 'gravitychen', 'davidkiller96', 'lartpang']","['mnielsen', 'chenshuo', 'jph00', 'goodfeli', 'sebastianruder', 'ShuaiW', 'liwenkang', 'senzuo', 'xinntao', 'lucuspring', 'ashuihui', 'SUMORAN', 'imshenzhuo']"
109,YoungMStudio,Jack-Cherish,Machine-Learning,YoungMStudio,User,YoungMStudio,,专注用知识解决现实问题！,2017-12-08T15:48:12Z,2018-01-04T11:27:20Z,[],[]
110,eecn,Jack-Cherish,Machine-Learning,wk,User,Xidian University,Shaanxi Xi’an,,2019-01-05T13:33:49Z,2020-11-11T13:45:38Z,"['ldq3363219', 'abunickabhi', 'henanjun', 'geniusleecool', 'sunshinezhihuo', 'dangnianhefeng', 'haoji007', 'GordonCui', 'shlpu', 'Surflyan', 'manaralnaasan', 'glassstone', 'Vian-vian', 'gxwangupc', 'Zhangy-ly', 'sunqinghu', 'mty9678', 'Hariharan20081998', 'zhangshuangqi', 'ZhaoYibo61', 'Schrodinger-s-plump-cat', 'sui6662012', 'KennethXiang']","['leandromoreira', 'ronnyyoung', 'nshaud', 'sgjava', 'shiyanlou', 'szad670401', 'KangLin', 'bdus', 'fmassa', 'wepe', 'brookicv', 'cattaneod', 'foolwood', 'wondervictor', 'Jack-Cherish', 'yanglbme', 'seetafaceengine']"
111,jiangf13,Jack-Cherish,Machine-Learning,,User,,,Computer Science Level II at McMaster University,2018-01-10T03:07:22Z,2020-11-10T09:48:34Z,"['Sujan-Kandeepan', 'angela0614']","['josephmisiti', 'lsvih', 'teovoinea', 'WolframKahl', 'NatalieChin80', 'Jack-Cherish', 'Sujan-Kandeepan', 'alhassy', 'AngelKitty', 'sophiatao', 'Yufei-shen']"
112,bob7783,lazyprogrammer,machine_learning_examples,,User,,,,2014-07-30T20:46:27Z,2016-02-27T18:05:12Z,"['tararawat', 'LeeKLTW', 'lsdventures', 'lifa123']",[]
113,nehhen,lazyprogrammer,machine_learning_examples,,User,,,,2015-12-22T14:05:36Z,2016-02-28T15:35:41Z,[],[]
114,superman32432432,lazyprogrammer,machine_learning_examples,,User,,,,2014-04-08T17:02:11Z,2019-05-24T06:46:18Z,[],[]
115,Alex1996a,lawlite19,MachineLearning_Python,klaus,User,,china,klaus,2016-05-07T13:53:38Z,2020-09-14T02:25:10Z,"['UbuntuEvangelist', 'dalinhuang99', 'mstraughan86', 'Vermisse', 'travishen', 'srcmaxim', 'mattd429', 'opengineer', 'MeteorCheng', 'smallyear', 'Sophie521', 'ZirkelHo', 'jake100', 'AdiChat', 'johntakesnote', 'indrajithbandara', 'rfthusn', 'ihor', 'tachibanana', 'donyatrip', 'LiuG-lynx', 'MingGeng', 'hifi3000', 'Bunlong', 'dumin199101', 'CPPCPPCPPCPP', 'rainbowjlinux', 'huhuhang', 'mondesu', 'dariodiamonds']","['schacon', 'benburkert', 'alex', 'mmcgrana', 'bradfitz', 'pluskid', 'jinzhu', 'davecheney', 'mattn', 'jpkrohling', 'felixge', 'bai', 'asim', 'mingcheng', 'steveklabnik', 'ramalho', 'richhickey', 'drmingdrmer', 'fperez', 'kisielk', 'genedna', 'egonSchiele', 'matryer', 'rsc', 'limodou', 'kennethreitz42', 'huichen', 'sideshow', 'prashantv', 'brson']"
116,LizhangX,trekhleb,homemade-machine-learning,Lizhang Xie,User,Copart,"Dallas, TX",DevOps / Software Developer,2015-10-14T04:04:23Z,2020-11-10T20:37:56Z,"['BaihuiZhang', 'jwilson573', 'Tyler-Thomson', 'ikiru', 'Anonymous2525', 'DarwinJJ', 'sidharthmehra', 'nguyengiahuy01', 'ashutosh1919', 'Awaisumar', 'HersiKopani']","['mthwtkr', 'ikiru', 'sidharthmehra', 'BaihuiZhang', 'codyw9524', 'jwilson573', 'iliandy', 'Tyler-Thomson']"
117,EtienneT,ujjwalkarn,Machine-Learning-Tutorials,,User,,,,2010-05-05T20:39:25Z,2020-11-03T04:00:28Z,"['KevinHock', 'jeremyeast', 'lvaleriu']","['slundberg', 'parsing-science']"
118,ExterminateWho,ujjwalkarn,Machine-Learning-Tutorials,Ho Sun Lee,User,Somatic.io,"Fontana, CA",,2016-03-03T03:13:54Z,2016-03-03T03:14:25Z,[],[]
119,ReadmeCritic,ujjwalkarn,Machine-Learning-Tutorials,,User,,,👀🔎,2015-10-28T18:29:24Z,2020-10-31T22:33:12Z,"['augint', 'dorvan', 'tangyouhua', 'g0dsgif1', 'walkerrandolphsmith', 'imjerrybao', 'longbai', 'eli-oat', 'jcampbell05', 'ali-cs', 'mukul13', 'hsavit1', 'keitaito', 'blakehawkins', 'Tim9Liu9', 'csr', 'wallclockbuilder', 'syedkhalid', 'trietptm', 'itsthejb', 'chatree12456', '2tu', 'sirinath', 'STRd6', 'yanqichen', 'schpedee', 'Jolg42', 'BobTheEngineer7', 'JoseCage', 'KazimRichatds']",[]
120,ThatAndresV,ujjwalkarn,Machine-Learning-Tutorials,Andres Varela,User,,Singapore,,2015-05-15T07:52:27Z,2020-11-08T10:29:03Z,['hridaydutta123'],[]
121,ZuzooVn,ujjwalkarn,Machine-Learning-Tutorials,Nam Vu,User,,Vietnam,A Vietnamese Software Engineer who is really passionate and wants to work in the USA,2012-02-11T16:55:02Z,2020-10-12T02:40:45Z,"['vuhung', 'DarkMagic', 'bachnl', 'hoangclinh', 'csjaba', 'Rajendhiran', 'proin', 'am0c', 'thangpc', 'fordream', 'Jacktony', 'hehead', 'Chewbacca2510', 'pjbr', 'got99errors', 'truongvuxuan', 'rogeliomr', 'tranhieutt', 'WinterSoilder', 'rusrushal13', 'luuhai', 'dzu181', 'puneethmishra', 'kotdark', 'leyvien', 'mding5692', 'fly51fly', 'mocmeo', 'ilyagorbunov', 'zshell31']","['ole', 'escoz', 'pokeb', 'tcdoan', 'dyang', 'kirill-grouchnikov', 'steipete', 'JakeWharton', 'koush', 'haqu', 'cyrilmottier', 'rudylattae', 'romannurik', 'commonsguy', 'loopj', 'davedelong', 'fooblahblah', 'jgilfelt', 'baldo', 'nexes', 'GautamGupta', 'arturdryomov', 'honcheng', 'boctor', 'chrisbanes', 'nadam', 'karpathy', 'diwu', 'freshdocs', 'dinhvh']"
122,abhshkdz,ujjwalkarn,Machine-Learning-Tutorials,Abhishek Das,User,Georgia Tech,"Atlanta, Georgia",CS PhD student at Georgia Tech,2011-10-27T19:53:27Z,2020-11-11T02:33:00Z,"['ravikishore1993', 'shashankmehta', 'AartiNdi', 'durgeshsuthar1992', 'shagunsodhani', 'rushilnagda', 'dvynshprt', 'vs4vijay', 'ivlists', 'ankitashukla', 'satyam94', 'pravj', 'kishorm23', 'ankurgarg101', 'lepisma', 'priyanshu1994', 'jaindeepali', 'KayEs141193', 'yogesum', 'shashankkumar', 'harshilmathur', 'jekin-iitr', 'anubhav94N', 'captn3m0', 'ramons03', 'rishabhmhjn', 'nishaChandramoorthy', 'fordream', 'axitkhurana', 'kaiquewdev']","['mikeal', 'holman', 'tj', 'Smerity', 'benanne', 'mnielsen', 'colah', 'mrdoob', 'harthur', 'kylemcdonald', 'homakov', 'andersbll', 'shiffman', 'gdb', 'iassael', 'szym', 'karpathy', 'douglascrockford', 'shelhamer', 'goodfeli', 'dennybritz', 'inconvergent', 'ericjang', 'percyliang', 'yosinski', 'Yangqing', 'neerajgangwar', 'ace03uec', 'captn3m0', 'nishaChandramoorthy']"
123,allthroughthenight,ujjwalkarn,Machine-Learning-Tutorials,,User,,,,2015-02-14T06:57:10Z,2020-11-10T04:51:28Z,"['darakian', 'asikkink', 'ElliotIto', 'TylerNakamura', 'josephyli', 'dchan3', 'justin-ho', 'kahlinbaughman', 'neilnthings', 'colbymiyamoto', 'jlarobello', 'adambutac', 'tyliec', 'eugenelao', 'oliversou', 'jiaqiii', 'xiaoweiruby']",[]
124,amitshekhariitbhu,ujjwalkarn,Machine-Learning-Tutorials,AMIT SHEKHAR,User,@MindOrksOpenSource,"New Delhi, India","Working with the smartest people in the world to change the way we learn. Our EdTech products: MindOrks, AfterAcademy, CuriousJr | Open Source Contributor",2014-11-21T03:40:51Z,2020-11-02T04:14:26Z,"['tianshan20081', 'kunaldawn', 'rajengla', 'yoshimaa', 'mistrydarshan99', 'ravidsrk', 'fxrcode', 'abhijeet1691', 'imknown', 'zurche', 'natuanorg', 'javedk16', 'wrjqss', 'Neacy', 'shriharshs', 'simongfxu', 'shaolimin', 'khadkarajesh', 'pranavlathigara', 'cherlas', 'avitricks', 'MacSimmy', 'jicksonp', 'iansamz', 'ahmedrizwan', 'varunjain0888', 'vishvendra01', 'NarendraSickarwar', 'geetgobindsingh', 'DC-Melo']","['janishar', 'anandgaurav10']"
125,aymericdamien,ujjwalkarn,Machine-Learning-Tutorials,Aymeric Damien,User,Snapchat,"San Francisco, CA","Deep Learning Enthusiast. SWE @Snapchat. Past: Tsinghua University, EISTI",2015-01-04T04:46:31Z,2020-10-14T07:51:06Z,"['wakatana', 'esafak', 'IrwanBello', 'Nydhal', 'wycg1984', 'athiselvam', 'suriyadeepan', 'michaelzhang503', 'vi3k6i5', 'psy2013GitHub', 'dragosbulugean', 'dmrd', 'ruivalentemaia', 'luisoutomaior', 'debajyotidatta', 'nishkaks', 'jacobgil', 'qixianbiao', 'JBed', 'AndroidAppReviewsCodeExample', 'fatu', 'mageed', 'subodhp', 'serelk', 'jbarbosad', 'zhangkom', 'sherafm', 'tigerneil', 'technologiclee', 'iovsiann']","['cournape', 'benanne', 'hughperkins', 'petewarden', 'ilblackdragon', 'karpathy', 'vrv', 'martinwicke', 'fchollet', 'panmari', 'bnaul', 'wookayin', 'daviddao', 'soumith', 'ylecun', 'SunnyKale', 'jcjohnson', 'JohnAllen', 'Orange15', 'carpedm20', 'mengxj08', 'psy2013GitHub', 'DmitryUlyanov', 'floriankdrone', 'chiphuyen', 'vincentvanhoucke', 'AlainMaubert', 'elyrian']"
126,bamos,ujjwalkarn,Machine-Learning-Tutorials,Brandon Amos,User,Facebook AI (FAIR),NYC,"Machine learning and optimization researcher. Sometimes deep, sometimes convex, sometimes both.",2011-04-04T01:35:52Z,2020-10-28T16:16:43Z,"['tygeng', 'lukaslozovski', 'egaebel', 'vincentngo', 'gburgessiv', 'jagalindo', 'benwr', 'Pacifist117', 'ursmma', 'brandon-foster', 'ewimberley', 'vineela12', 'ed-flanagan', 'alexanderdean', 'dennislysenko', 'ashraf2k', 'luthern', 'hamiltont', 'tannerpreiss', 'jmfaleiro', 'RubyHacker', 'kalvies', '05bca054', 'aeperrin', 'bepotts', 'linkerlin', 'jpouellet', 'ajn123', 'rhema', 'souleiman']","['yalisassoon', 'inspirit', 'karpathy', 'rhema', 'bgilbert', 'ChrKroer', 'jaharkes', 'JohnDickerson', 'TravisBarryDick', 'ddcc', 'egrefen', 'ikostrikov', 'vitchyr', 'soumith', 'emichael', 'huynhnguyen', 'mattjj', 'tygeng', 'Atcold', 'quinnliu', 'melgor', 'nicholas-leonard', 'Mosnar', 'carlodelmundo-zz', 'statsmaths', 'mdeff', 'dkonomis', 'mfigurnov', 'jerrybai1995']"
127,benedekrozemberczki,ujjwalkarn,Machine-Learning-Tutorials,Benedek Rozemberczki,User,,Edinburgh,"
    PhD candidate at The University of Edinburgh  @cdt-data-science working on machine learning and data mining related to graph structured data.
",2016-02-21T12:10:39Z,2020-10-28T00:08:59Z,"['bbaattaahh', 'korenmiklos', 'puhazoli', 'mayank5695', 'yashk2810', 'saiviki', 'sunil1066', 'faizankshaikh', 'santiagomota', 'nitishiitkgp', 'barnadnl', 'gaurav67890', 'Gogula', 'albertbuchard', 'VishalSharmaDataScience', 'rossdrew', 'deepuouce', 'anhnguyendepocen', 'akshaykarangale', 'karimserkhane', 'conormdurkan', 'maniyar2jaimin', 'kubikb', 'abhijeet0910', 'MLDroid', 'laurazh', 'freuk', 'Bonzepiss', 'multiversetheorie', 'yijizhao']","['mnick', 'blais', 'arturbekasov', 'chihming', 'leotrs', 'gngdb', 'korenmiklos', 'nataliazon', 'aldum', 'paulmorio', 'JamesOwers', 'wenkokke', 'ibalazevic', 'MLDroid', 'Jmallins', 'peterzsohar', 'xgfs', 'rusty1s', 'donnate', 'gpapamak', 'MichSchli', 'ida-szubert', 'conormdurkan', '0xSameer', 'sfme', 'kubikb', 'LudovicaLV', 'edfincham', 'vermaMachineLearning', 'AsaCooperStickland']"
128,benedictflorance,ujjwalkarn,Machine-Learning-Tutorials,Benedict Florance,User,@SpiderNitt ,Tiruchirappalli,"Vector Scholar in Artificial Intelligence | Mitacs Globalink Scholar | Indian Academy of Sciences Fellow | NIT Trichy CS

",2016-09-14T05:00:21Z,2020-10-26T15:16:34Z,"['akaashpreetham', 'vijayprasanna13', 'cheevu-RS', 'VishalS99', 'adwaith007', 'rohithbalaji123', 'lharinarayanan', 'kamikazechaser', 'gigatesseract', 'preethamk2000', 'na899', 'surajk16', 'BharathKumarRavichandran', 'shakeabi', 'vedhant', 'hrishikeshshekhar', 'Rahulvs10', 'kamalesh0406', 'venkat24', 'sandy9999', 'Raghul127', 'switzbug', 'ajish-sekar', 'barath99', 'orzyt', 'Chen-Dixi', 'Meivenkatkumar', 'srike27', 'nandhini-sr', 'BrijeshDurai']","['ezyang', 'karpathy', 'deepak1556', 'soumith', 'championswimmer', 'sananth12', 'jwyang', 'sam09', 'naman14', 'fmassa', 'sudharsana-kjl', 'shravan97', 'vijayprasanna13', 'nikhilrayaprolu', 'BharathKumarRavichandran', 'coderick14', 'sandy9999', 'kamikazechaser', 'digaru19', 'rohithbalaji123', 'Arutselvan', 'venkat24', 'surajk16', 'ajish-sekar', 'kamalesh0406', 'Rahulvs10', 'srike27', 'vedhant', 'shakeabi', 'adwaith007']"
129,cjratcliff,ujjwalkarn,Machine-Learning-Tutorials,Chris Ratcliff,User,Spotify,London,https://www.linkedin.com/in/cjratcliff/,2012-03-02T19:54:00Z,2020-11-08T19:06:22Z,"['vyraun', 'rishabhrbs96', 'floydwch', 'ivanpastukhov', 'thesourceress', 'YvesGreijn', 'fikritrader', 'Hipp0lyta', 'loouislow81']",[]
130,dmmulroy,ujjwalkarn,Machine-Learning-Tutorials,Dillon Mulroy,User,@FormidableLabs,Maryland,Senior Software Engineer @ Formidable,2012-11-09T02:59:48Z,2020-10-24T00:03:13Z,"['CaseyCasella', 'treyhoover', 'joshgordon', 'apiv', 'ereidelbach', 'Bunlong', 'zacharysierakowski', 'adamayd', 'chrisbrainerd', 'kevdunn01', 'carlos-kelly', 'NickBayTech', 'mrtnrocks', 'campkels', 'abradley2', 'Zeko369', 'andyrichardson', 'JoviDeCroock', 'JimLynchCodes', 'sandinmyjoints', 'pjhuil', '3piecechickendinnerTB', 'mallikarjunece', 'geekwolverine', 'swdreams', 'Brekke-Green', 'bsphair', 'seftimie']","['biilmann', 'tj', 'DrBoolean', 'bvaughn', 'tmcw', 'sebmarkbage', 'desandro', 'ryanflorence', 'spf13', 'wesbos', 'caseywatts', 'kenwheeler', 'ryan-roemer', 'hzoo', 'markgeraty', 'katzien', 'bradymholt', 'sebmck', 'aaronabramov', 'jamiebuilds', 'davidkpiano', 'sxywu', 'lukejacksonn', 'kentcdodds', 'mweststrate', 'apiv', 'joshgordon', 'bradwestfall', 'acdlite', 'boygirl']"
131,espoirMur,ujjwalkarn,Machine-Learning-Tutorials,Espoir Murhabazi,User,,"Rwanda, Congo","The only thing I know is that I know nothing, and I am no quite sure that I know that.
Socrate",2016-04-20T11:04:56Z,2020-11-10T18:28:01Z,"['loyecares', 'darilldrems', 'jamescatalyst', 'kenessajr', 'Shelmith-Kariuki', 'MutabaziAlleluia', 'GideonStruts', 'ngireric123', 'gentle-code', 'Cedric0852', 'mmarcwabo', 'lionfish0', 'hamzamogni', 'dubems', 'luc-tuyishime', 'kamanzidanny', 'CYUBAHIROPat', 'Jaman-dedy', 'Fiacre250', 'Karlmusingo', 'Clinsmann', 'ahmettortumlu', 'guillainbisimwa', 'davidkathoh', '66koko', 'Kabongosalomon', 'NjeriNjoroge', 'andykimchris', 'LensCorp', 'Lenscorpx']","['ry', 'nedbat', 'mjpieters', 'jpadilla', 'gaearon', 'marccarre', 'llSourcell', 'pmuens', 'rocioar', 'pomber', 'mjhea0', 'brianspiering', 'tim-cools', 'guipsamora', 'juliakreutzer', 'lubegamark', 'DSamuylov', 'kenessajr', 'pangolulu', 'dmonn', 'samirelanduk', 'adriennedomingus', 'isabelcosta', 'mykeels', 'chiphuyen', 'ctrlplusb', 'adeshpande3', 'peter-evans', 'davidkathoh', 'ChunML']"
132,ethen8181,ujjwalkarn,Machine-Learning-Tutorials,Ethen,User,,,,2015-05-06T12:23:17Z,2020-11-07T21:49:38Z,"['rubuntu', 'engrmahadi', 'joseramoncajide', 'lolcyclingfish', 'laurengyu', 'craigng', 'xiaoxiangma', 'johnnychiuchiu', 'LukasLehotsky', 'rosdyana', 'pedroveloso', 'jasjung', 'tjvananne', 'BlancosWay', 'puneethmishra', 'Shanshan-IC', 'AprilXiaoyanLiu', 'milindmalshe', 'dchahor', 'rajeevsahu123', 'patrycze', 'Sergii-Makarevych', 'pranavpandya84', 'jamalarmel', 'patternproject', 'djour', 'kgilpas', 'hindupuravinash', 'neungkl', 'jpdeleon']",[]
133,gauravcharnalia,ujjwalkarn,Machine-Learning-Tutorials,Gaurav Charnalia,User,,India,,2016-02-12T19:13:04Z,2019-06-17T10:59:02Z,"['shanbhag10', 'suchale']",[]
134,guillaume-chevalier,ujjwalkarn,Machine-Learning-Tutorials,Guillaume Chevalier,User,@Neuraxio,Canada,e^(πi) + 1 = 0,2015-04-08T23:59:54Z,2020-11-09T15:53:05Z,"['Hamelatoire', 'ngarneau', 'raphaelgodro', 'technologiclee', 'bagat', 'angusshire', 'alyonamorozov', 'husthulina', 'IsaacRocos', 'tu-lee', 'esafak', 'vyraun', 'fly51fly', 'vgoklani', 'ravigarg27', 'realmyth', 'vdt', 'Linux-Player', 'kingvision', 'codekk', 'mrAce', 'alxsoares', 'jdonaghue', 'jiangplus', 'fabienbaradel', 'travishsu', 'jrodrigomg', 'duducheng', 'zanqz', 'zclfly']","['remi', 'jbrownlee', 'jtoy', 'yaroslavvb', 'Smerity', 'malcolmreynolds', 'unclebob', 'benanne', 'munificent', 'colah', 'geohot', 'faroit', 'ogrisel', 'echen', 'alexgraves', 'laanwj', 'j15e', 'sindresorhus', 'jaberg', 'yoshua', 'lamblin', 'nouiz', 'kemitchell', 'jbourassa', 'karpathy', 'josephmisiti', 'Carreau', 'goodfeli', 'dennybritz', 'lopuhin']"
135,justmarkham,ujjwalkarn,Machine-Learning-Tutorials,Kevin Markham,User,Data School,"Asheville, NC, USA",Founder of Data School,2014-01-26T22:29:01Z,2020-10-30T22:15:48Z,"['fghjorth', 'apeterson91', 'elongreach', 'ajschumacher', 'datahacks', 'KanduriR', 'pramodh-bn', 'colsie', 'Hongyang-Jia', 'bobuva', '4oh4ed', 'anupamaangadi', 'DaBhai13', 'elmerehbi', 'DreamDeLaMattel', 'jroberayalas', 'DoloresP', 'jmhome', 'Dinushika', 'kurt1984', 'll0816', 'Huni117', 'maheral0', 'jiantinker', 'iweey', 'victoriahubertz', 'csimokat', 'Fredus14', 'sbwest', 'fbchow']",[]
136,lettier,ujjwalkarn,Machine-Learning-Tutorials,Lettier,User,,New York,https://lettier.github.io,2012-04-20T01:34:13Z,2020-09-18T10:33:00Z,"['LordOkami', 'mkaminski1988', 'ddre54', 'joebartels', 'vdt', 'evandrix', 'timelyportfolio', 'helloklyn', 'crossmaya', 'njss', 'latuji', 'cmahon', 'alexzhang2015', 'bcamel', '25b3nk', 'ruandre', 'bhargavbhegde7', 'alexadam', 'colymore', 'neophyt3', 'aesqe', 'raghuraju', 'Randy-jun', 'bgriffen', 'MDMoll', 'jorgebg', 'kmanley', 'fly51fly', 'wanganzhi', 'sparfenyuk']","['paluh', 'profphreak', 'eisklar', 'newswim']"
137,lupusomniator,ujjwalkarn,Machine-Learning-Tutorials,Степан,User,Novosibirsk State University,Novosibirsk,Just student who truly think that pugs will change the world.,2015-10-07T13:44:03Z,2020-10-16T10:40:48Z,"['Dunnhill', 'Novemb3r', 'antmork']","['LittleAngryFox', 'anhen', 'Novemb3r', 'Dunnhill', 'antmork']"
138,meghpatel,ujjwalkarn,Machine-Learning-Tutorials,Megh Patel,User,,India,,2017-04-05T18:33:21Z,2020-11-08T14:54:23Z,"['SahilPatel227', 'verv0eren', 'anshulp2912', 'jahskee', 'rutvapatel98', 'sdabhi23', 'PartheshSoni', 'yashpatel024', 'anuj200199', 'akulagrawal98', 'ArefMq', 'voleoo', 'Alex-bytedroid']","['dmalan', 'llSourcell', 'BaseMax', 'christine-aqui', 'anishathalye', 'svakulenk0', 'dhingratul', 'gablg1', 'Sentdex', 'PrithivirajDamodaran', 'mcarilli', 'satishp962', 'aneagoie', 'sophiaciocca', 'githubharald', 'vvyomjjain', 'PartheshSoni', 'sdabhi23', 'yashpatel024', 'thesohelshaikh', 'SahilPatel227', 'vedant-patel42', 'anshulp2912', 'rutvapatel98', 'sarvagnaNER', 'akulagrawal98', 'anuj200199']"
139,nitin-tm,ujjwalkarn,Machine-Learning-Tutorials,,User,,,,2014-05-03T15:41:20Z,2018-10-23T10:31:10Z,"['pardeep-tm', 'MichalPaszkiewicz', 'AlbertDavid9199', 'Linux-Player', 'dalinhuang99', 'dplewis', 'RustyBalboadev']","['ask', 'lethain', 'pauldix', 'rdpeng', 'jacobian', 'mxcl', 'hltbra', 'carljm', 'antirez', 'Stiivi', 'montylounge', 'denik', 'petrounias', 'stephenmcd', 'yegg', 'robjhyndman', 'sni', 'xaprb', 'dabeaz', 'particlebanana', 'mixu', 'naparuba', 'sallar', 'torvalds', 'JohnKurlak', 'ahachete', 'jeffknupp', 'sheppard', 'yoshuawuyts', 'tmcallaghan']"
140,qualityjacks,ujjwalkarn,Machine-Learning-Tutorials,,User,,,Programming is Fun,2016-11-10T12:32:51Z,2020-10-12T15:49:00Z,"['Yawapi', 'petk', 'JonnyBanana', 'mdm14755', 'PatrickD11', 'MegaBor', 'ArefMq', 'jaballah-dorsaf', 'SANDIUJJAL']","['lorien', 'dpaluy', 'razum2um', 'memo', 'rigtorp', 'humiaozuzu', 'lauris', 'ekremkaraca', 'forhappy', 'ramnes', 'unnawut', 'sdogruyol', 'jdauphant', 'HQarroum', 'ZuzooVn', 'LewisJEllis', 'xgrommx', 'sotayamashita', 'petk', 'gianarb', 'bekatom', 'johnnncodes', 'h4cc', 'inputsh', 'veggiemonk', 'ujjwalkarn', 'TimothyDJones', 'qinwf', 'kozross', 'Vedenin']"
141,rohduggal,ujjwalkarn,Machine-Learning-Tutorials,,User,,,,2018-01-30T12:04:41Z,2018-06-09T02:35:42Z,"['petk', 'JonnyBanana', 'tejasrsuthar']","['avelino', 'sorrycc', 'dzharii', 'razum2um', 'jorgemanrubia', 'SirPepe', 'mcxiaoke', 'matteocrippa', 'vsouza', 'markets', 'ziadoz', 'vinta', 'youngwookim', 'fffaraz', 'brillout', 'rShetty', 'petk', 'onurakpolat', 'diegocard', 'akullpp', 'JStumpp', 'lnishan', 'qinwf', 'ChristosChristofidis', 'F474M0R64N4', 'luciusmagn', 'ggomaeng']"
142,sudeepraja,ujjwalkarn,Machine-Learning-Tutorials,Sudeep Raja,User,UMass Amherst,Amherst,"PhD student, UMass Amherst",2013-06-23T13:34:49Z,2020-11-09T20:54:02Z,"['nevinvalsaraj', 'ma08', 'hargup', 'kalyanadupa', 'eldos-dl', 'palashmittal', 'ycaihua', 'Sandy4321', 'NipunTalwar', 'fly51fly', 'zorroblue', 'xman2046', 'shashankg7', 'samim23', 'thejat', 'silky', 'meetjoshi', 'wanghaisheng', 'AjayTalati', 'sk413025', 'chagge', 'saurav111', 'milindmalshe', 'jniva', 'sravanth1', 'cenbow', 'bionicles', 'vedavidhbudimuri', 'cx0', 'dexterdev']","['karpathy', 'fchollet', 'korroktheslavemaster', 'thejat', 'hargup', 'palashmittal', 'menirus', 'biswajitsc', 'srinath9795', 'nevinvalsaraj', 'ma08']"
143,sudipbhandari126,ujjwalkarn,Machine-Learning-Tutorials,Sudip Bhandari,User,Cleartrip,Bangalore India,"Product  Engineer
Music enthusiast
",2015-02-16T12:38:42Z,2020-11-08T16:41:13Z,"['soyelmnd', 'tafhimul', 'AMPtemplates', 'Linux-Player', 'mihnsen', 'medicationforall', 'dalinhuang99', 'mstraughan86', 'DarshanAdiga', 'gregburdick', 'toricode', 'ishwarrimal', 'DeepakLalchandani', 'geeksambhu', 'Reactor11', 'nakulGoyal19', 'radnerus', 'error404-sp', 'jayendra155', 'sammyjeng', 'agrawal-sakshi', 'MadhurBansal123', 'SoniyaSankar', 'Chelsea31']","['samaaron', 'mhartl', 'Thibaut', 'colah', 'MikeMcQuaid', 'codegangsta', 'ggreer', 'sidravic', 'robertskmiles', 'amueller', 'yegor256', 'rnicholus', 'imsnif', 'gabrielecirulli', 'hwz', 'absurdvision', 't3nsor', 'QuincyLarson', 'alexfu', 'eugenp', 'torvalds', 'aravindbargurhiriyannaiah', 'orhanobut', 'llSourcell', 'dvrajan', 'glamp', 'gunthercox', 'soyelmnd', 'yasoob', 'kaflesudip']"
144,terrytangyuan,ujjwalkarn,Machine-Learning-Tutorials,Yuan Tang,User,Ant Group,"West Lafayette, IN, USA","Distributed ML Infra and AutoML | PMC of XGBoost and Apache MXNet | Co-chair of @kubeflow | Committer of @tensorflow and @couler-proj | 🛠️ Python, R, and Go",2013-04-27T02:01:53Z,2020-11-09T12:29:51Z,"['ezwu', 'yxz183', 'wrose100', 'jdori', 'dianachenyu', 'wenxuantess', 'wangkanai', 'rogergzou', 'baliw', 'zubiix', 'krahman', 'ericrrichards', 'vladimirktm', 'yichenluan', 'chyt', 'zammitjames', 'rehanmhd', 'liova99', 'mrkalel', 'test90210', 'contestera', 'thepedram', 'VKTers', 'kab0naresuzu', 'hellyeah', 'xinxiangmo', 'winseybash', 'sonphcm', 'kuileia', 'effine']","['hadley', 'caniszczyk', 'jq', 'jjallaire', 'fly51fly', 'wesm', 'qinxuye', 'mli', 'rongou', 'hrbrmstr', 'martinwicke', 'yzhliu', 'CodingCat', 'jlewi', 'timelyportfolio', 'pommedeterresautee', 'merlintang', 'hamelsmu', 'wangkuiyi', 'phunterlau', 'ywskycn', 'kevinushey', 'johnugeorge', 'hcho3', 'tqchen', 'byronyi', 'romainfrancois', 'ohmystack', 'jayqi', 'gvanrossum']"
145,vict0rsch,ujjwalkarn,Machine-Learning-Tutorials,Victor Schmidt,User,@mila-iqia ,"Montréal, Canada",PhD Student @Mila-iqia with Yoshua Bengio | ex @entrepreneur-interet-general ,2014-10-17T13:29:42Z,2020-11-05T16:00:05Z,"['Slasnista', 'plieb', 'zumpchke', 'he0x', 'aleino', 'indydedeken', 'mininaNik', 'a455bcd9', 'ThibaultGROUEIX', 'fly51fly', 'alexandertsema', 'ujjwalkarn', 'fractalDimension', 'davidwynter', 'rjbashar', 'adamuas', 'vishalbelsare', 'emacsenli', 'tivek', 'menorki', 'ThemisZ', 'vyraun', 'robmsmt', 'ftan84', 'amirstar', 'Jhy1993', 'ad34', 'Ltorre', 'jonvet', 'SaidAbdullahi']","['revolunet', 'agramfort', 'BoOz', 'craffel', 'vthorey', 'a455bcd9', 'Dreem-Devices', 'mgaltier', 'natoromano', 'Slasnista', 'thibnton', 'jbledevehat']"
